Game,Console Name,Year,Genre,Publisher,North America,Europe,Japan,Rest of World,Global
Silent Hills,PS4,2020.0,Action,Konami Digital Entertainment,0.0,0.0,0.0,0.0,0.0
Primal Carnage: Genesis,PS4,2020.0,Misc,Unknown,0.0,0.0,0.0,0.0,0.0
Rocketbirds 2: Evolution,PS4,2020.0,Misc,Unknown,0.0,0.0,0.0,0.0,0.0
Gran Turismo 7,PS4,2020.0,Racing,Sony Computer Entertainment,0.0,0.0,0.0,0.0,0.0
Final Fantasy (PS4),PS4,2020.0,Misc,Square Enix,0.0,0.0,0.0,0.0,0.0
Atelier Sophie,PS4,2020.0,Role-Playing,Gust,0.0,0.0,0.0,0.0,0.0
Whore of the Orient,PS4,2020.0,Misc,Warner Bros. Interactive Entertainment,0.0,0.0,0.0,0.0,0.0
deep down (Working Title),PS4,2020.0,Misc,Capcom,0.0,0.0,0.0,0.0,0.0
EverQuest Next,PS4,2019.0,MMO,Sony Online Entertainment,0.0,0.0,0.0,0.0,0.0
Wild,PS4,2019.0,Adventure,Sony Interactive Entertainment,0.0,0.0,0.0,0.0,0.0
Final Fantasy VII Remake,PS4,2019.0,Role-Playing,Square Enix,0.0,0.0,0.0,0.0,0.0
Airship Q,PS4,2019.0,Platform,Cygames,0.0,0.0,0.0,0.0,0.0
Days Gone,PS4,2019.0,Action-Adventure,Sony Interactive Entertainment,0.0,0.0,0.0,0.0,0.0
The Last of Us: Part II,PS4,2019.0,Action,Sony Interactive Entertainment,0.0,0.0,0.0,0.0,0.0
Ace Combat 7: Skies Unknown,PS4,2019.0,Shooter,Bandai Namco Games,0.0,0.0,0.0,0.0,0.0
Metro Exodus,PS4,2019.0,Shooter,Deep Silver,0.0,0.0,0.0,0.0,0.0
Anthem,PS4,2019.0,Role-Playing,Electronic Arts,0.0,0.0,0.0,0.0,0.0
Brothers in Arms: Furious 4,PS4,2019.0,Shooter,Ubisoft,0.0,0.0,0.0,0.0,0.0
Biomutant,PS4,2019.0,Action,THQ Nordic,0.0,0.0,0.0,0.0,0.0
Kingdom Hearts III,PS4,2019.0,Role-Playing,Square Enix,0.0,0.0,0.0,0.0,0.0
The Inpatient,PS4,2018.0,Action,Sony Interactive Entertainment,0.06,0.05,0.0,0.02,0.13
We Happy Few,PS4,2018.0,Action-Adventure,Gearbox Software,0.08,0.04,0.0,0.02,0.14
Armello,PS4,2018.0,Strategy,League of Geeks,0.02,0.0,0.0,0.0,0.02
Shaq-Fu: A Legend Reborn,PS4,2018.0,Action,Wired Productions,0.02,0.0,0.0,0.0,0.02
Detroit: Become Human,PS4,2018.0,Adventure,Sony Interactive Entertainment,0.55,0.67,0.12,0.24,1.57
Attack on Titan 2,PS4,2018.0,Action,Koei Tecmo,0.09,0.04,0.06,0.03,0.22
Metal Gear Survive,PS4,2018.0,Action,Konami Digital Entertainment,0.08,0.06,0.05,0.03,0.23
A Way Out,PS4,2018.0,Action,Electronic Arts,0.23,0.16,0.0,0.08,0.48
Darksiders III,PS4,2018.0,Action,THQ Nordic,0.13,0.07,0.0,0.04,0.25
Vampyr,PS4,2018.0,Role-Playing,Focus Home Interactive,0.12,0.19,0.0,0.06,0.37
Monster Energy Supercross - The Official Videogame,PS4,2018.0,Racing,Milestone S.r.l.,0.08,0.01,0.0,0.02,0.11
Darkest Dungeon,PS4,2018.0,Role-Playing,Merge Games,0.02,0.0,0.01,0.01,0.04
Bravo Team VR,PS4,2018.0,Shooter,Sony Interactive Entertainment,0.12,0.09,0.02,0.04,0.27
Dragon Ball Fighter Z,PS4,2018.0,Fighting,Namco Bandai Games,0.61,0.51,0.12,0.23,1.46
Wonder Boy: The Dragon's Trap (Remake),PS4,2018.0,Platform,Nicalis,0.03,0.0,0.0,0.01,0.04
Pure Farming 2018,PS4,2018.0,Simulation,Techland,0.02,0.01,0.0,0.01,0.04
Shadow of the Colossus,PS4,2018.0,Action-Adventure,Sony Interactive Entertainment,0.44,0.52,0.05,0.19,1.2
Don't Starve,PS4,2018.0,Adventure,505 Games,0.04,0.0,0.0,0.01,0.05
The Crew 2,PS4,2018.0,Racing,Ubisoft,0.22,0.42,0.05,0.12,0.82
Hellblade,PS4,2018.0,Action-Adventure,505 Games,0.03,0.01,0.0,0.01,0.05
MLB The Show 18,PS4,2018.0,Sports,Sony Interactive Entertainment,0.86,0.0,0.0,0.2,1.06
Extinction,PS4,2018.0,Action,Maximum Games,0.05,0.0,0.0,0.01,0.06
Ni no Kuni II: Revenant Kingdom,PS4,2018.0,Role-Playing,Namco Bandai Games,0.33,0.31,0.12,0.13,0.89
EA Sports UFC 3,PS4,2018.0,Sports,EA Sports,0.4,0.41,0.01,0.16,0.97
Dissidia Final Fantasy NT,PS4,2018.0,Fighting,Square Enix,0.19,0.06,0.16,0.05,0.46
Kingdom Come: Deliverance,PS4,2018.0,Role-Playing,Deep Silver,0.18,0.28,0.0,0.09,0.56
Hokuto ga Gotoku,PS4,2018.0,Action,Sega,0.09,0.05,0.18,0.03,0.36
Monster Hunter: World,PS4,2018.0,Action,Capcom,1.03,1.06,2.17,0.42,4.67
Sword Art Online: Fatal Bullet,PS4,2018.0,Role-Playing,Namco Bandai Games,0.11,0.03,0.13,0.03,0.29
Cyberpunk 2077,PS4,2018.0,Action-Adventure,CD Projekt Red Studio,0.0,0.0,0.0,0.0,0.0
Iron Harvest,PS4,2018.0,Strategy,Unknown,0.0,0.0,0.0,0.0,0.0
Naruto to Boruto: Shinobi Striker,PS4,2018.0,Action,Bandai Namco Games,0.19,0.03,0.02,0.05,0.29
Biomutant,PS4,2018.0,Action,THQ Nordic,0.0,0.0,0.0,0.0,0.0
Spider-Man (PS4),PS4,2018.0,Action-Adventure,Sony Interactive Entertainment,3.64,3.39,0.32,1.41,8.76
God of War (PS4),PS4,2018.0,Action,Sony Interactive Entertainment,2.83,2.17,0.13,1.02,6.15
Far Cry 5,PS4,2018.0,Action,Ubisoft,1.44,1.73,0.15,0.62,3.95
Red Dead Redemption 2,PS4,2018.0,Action-Adventure,Rockstar Games,5.26,6.21,0.21,2.26,13.94
Code Vein,PS4,2018.0,Action,Bandai Namco Entertainment,0.0,0.0,0.0,0.0,0.0
Secret of Mana,PS4,2018.0,Role-Playing,Square Enix,0.06,0.12,0.05,0.04,0.28
Dishonored: Death of the Outsider,PS4,2017.0,Action,Bethesda Softworks,0.1,0.18,0.0,0.05,0.33
Stardew Valley,PS4,2017.0,Simulation,505 Games,0.04,0.04,0.0,0.02,0.1
Taiko no Tatsujin: Drum Session!,PS4,2017.0,Music,Namco Bandai Games,0.0,0.0,0.09,0.0,0.09
Nights of Azure 2,PS4,2017.0,Action,Tecmo Koei,0.04,0.0,0.04,0.01,0.09
Gravity Rush 2,PS4,2017.0,Action-Adventure,Sony Interactive Entertainment,0.13,0.05,0.13,0.04,0.35
Guilty Gear Xrd REV 2,PS4,2017.0,Fighting,PQube,0.04,0.01,0.03,0.01,0.1
Wolfenstein The Two Pack,PS4,2017.0,Shooter,Bethesda Softworks,0.08,0.0,0.0,0.02,0.1
Accel World vs. Sword Art Online: Millennium Twilight,PS4,2017.0,Action,Namco Bandai Games,0.0,0.03,0.06,0.01,0.1
Sudden Strike 4,PS4,2017.0,Strategy,Kalypso Media,0.05,0.03,0.01,0.02,0.1
Final Fantasy XIV Online Complete Edition,PS4,2017.0,MMO,Square Enix,0.07,0.0,0.02,0.02,0.1
The Invisible Hours,PS4,2017.0,Adventure,GameTrust,0.09,0.0,0.0,0.02,0.11
Sonic Mania,PS4,2017.0,Platform,Sega,0.1,0.15,0.01,0.05,0.31
Rugby League Live 4,PS4,2017.0,Sports,Tru Blu Entertainment,0.0,0.08,0.0,0.01,0.09
Rime,PS4,2017.0,Adventure,Grey Box,0.02,0.07,0.0,0.02,0.11
Pac-Man Championship Edition 2 + Arcade Game Series,PS4,2017.0,Action,Namco Bandai Games,0.08,0.0,0.0,0.02,0.1
Musou Stars,PS4,2017.0,Action,Tecmo Koei,0.03,0.0,0.06,0.01,0.1
Mega Man Legacy Collection 2,PS4,2017.0,Action,Capcom,0.06,0.0,0.02,0.01,0.1
Gundam Versus,PS4,2017.0,Action,Namco Bandai Games,0.08,0.0,0.18,0.02,0.28
ATV Drift & Tricks,PS4,2017.0,Racing,Funbox Media,0.07,0.0,0.0,0.02,0.09
Sniper: Ghost Warrior 3,PS4,2017.0,Shooter,City Interactive,0.14,0.15,0.03,0.06,0.36
Rugby 18,PS4,2017.0,Sports,Koch Media,0.05,0.0,0.0,0.01,0.06
Birthdays the Beginning,PS4,2017.0,Misc,NIS America,0.05,0.0,0.0,0.01,0.06
Okami,PS4,2017.0,Action,Capcom,0.16,0.12,0.03,0.06,0.36
Batman: The Enemy Within,PS4,2017.0,Adventure,Telltale Games,0.05,0.0,0.0,0.01,0.07
SG/ZH: School Girl/Zombie Hunter,PS4,2017.0,Action,Aksys Games,0.04,0.0,0.02,0.01,0.07
City Shrouded in Shadow,PS4,2017.0,Action-Adventure,Namco Bandai Games,0.0,0.0,0.07,0.0,0.07
Le Tour de France 2017,PS4,2017.0,Simulation,Focus Home Interactive,0.0,0.06,0.0,0.01,0.07
WRC 7,PS4,2017.0,Racing,Bigben Interactive,0.06,0.0,0.0,0.01,0.07
Hunting Simulator,PS4,2017.0,Shooter,Bigben Interactive,0.06,0.0,0.0,0.01,0.07
The Sexy Brutale,PS4,2017.0,Adventure,Badland Studio,0.05,0.02,0.0,0.01,0.08
The Silver Case,PS4,2017.0,Visual Novel,NIS America,0.05,0.0,0.01,0.01,0.07
The Walking Dead: A Telltale Series Collection,PS4,2017.0,Adventure,Warner Bros. Interactive Entertainment,0.06,0.0,0.0,0.01,0.07
Styx: Shards of Darknes,PS4,2017.0,Action,Focus Home Interactive,0.06,0.0,0.0,0.01,0.07
Fortune Street: Dragon Quest & Final Fantasy 30th Anniversary,PS4,2017.0,Misc,Square Enix,0.0,0.0,0.07,0.0,0.07
Has-Been Heroes,PS4,2017.0,Action,GameTrust,0.06,0.0,0.0,0.01,0.07
The Witch and the Hundred Knights 2,PS4,2017.0,Role-Playing,Nippon Ichi Software,0.03,0.0,0.03,0.01,0.07
God Wars: Future Past,PS4,2017.0,Role-Playing,NIS America,0.03,0.01,0.02,0.01,0.07
Rapala Fishing Pro Series,PS4,2017.0,Simulation,GameMill,0.06,0.0,0.0,0.02,0.08
Minecraft: Story Mode - Season Two,PS4,2017.0,Adventure,Telltale Games,0.09,0.0,0.0,0.02,0.11
America's Greatest Game Shows: Wheel of Fortune & Jeopardy!,PS4,2017.0,Misc,Ubisoft,0.1,0.0,0.0,0.02,0.12
Constructor HD,PS4,2017.0,Strategy,System 3,0.09,0.0,0.0,0.02,0.11
Marvel's Guardians of the Galaxy: The Telltale Series,PS4,2017.0,Adventure,Warner Bros. Interactive Entertainment,0.06,0.04,0.0,0.02,0.12
Agents of Mayhem,PS4,2017.0,Action,Deep Silver,0.08,0.08,0.0,0.03,0.2
Dragon's Dogma,PS4,2017.0,Role-Playing,Capcom,0.07,0.07,0.03,0.03,0.21
Ys VIII: Lacrimosa of Dana,PS4,2017.0,Role-Playing,NIS America,0.08,0.04,0.08,0.02,0.21
Senran Kagura: Peach Beach Splash,PS4,2017.0,Action,PQube,0.09,0.02,0.08,0.02,0.21
Outlast Trinity,PS4,2017.0,Action,Warner Bros. Interactive Entertainment,0.09,0.09,0.0,0.04,0.22
Micro Machines: World Series,PS4,2017.0,Racing,Codemasters,0.03,0.16,0.0,0.03,0.22
Dead by Daylight,PS4,2017.0,Action,505 Games,0.11,0.06,0.02,0.04,0.22
Singstar Celebration,PS4,2017.0,Music,Sony Interactive Entertainment,0.04,0.15,0.0,0.03,0.23
Yooka-Laylee,PS4,2017.0,Platform,Sold Out,0.09,0.16,0.0,0.05,0.29
Cars 3: Driven to Win,PS4,2017.0,Racing,Warner Bros. Interactive Entertainment,0.06,0.18,0.01,0.04,0.29
Elex,PS4,2017.0,Role-Playing,THQ Nordic,0.03,0.16,0.0,0.04,0.23
theHunter: Call of the Wild,PS4,2017.0,Shooter,Astragon,0.19,0.0,0.0,0.04,0.24
Digimon World: Next Order,PS4,2017.0,Role-Playing,Namco Bandai Games,0.13,0.05,0.02,0.04,0.24
The Elder Scrolls Online: Morrowind,PS4,2017.0,MMO,Bethesda Softworks,0.11,0.09,0.0,0.04,0.24
The Escapists 2,PS4,2017.0,Action,Sold Out,0.04,0.16,0.0,0.04,0.24
.hack//G.U. Last Recode,PS4,2017.0,Role-Playing,Namco Bandai Games,0.1,0.04,0.08,0.03,0.24
NBA Live 18,PS4,2017.0,Sports,EA Sports,0.2,0.0,0.0,0.05,0.24
Star Trek Bridge Crew VR,PS4,2017.0,Action,Ubisoft,0.11,0.12,0.0,0.05,0.28
Spintires: MudRunner,PS4,2017.0,Simulation,Focus Home Interactive,0.11,0.12,0.0,0.05,0.28
New Danganronpa V3: Minna no Koroshiai Shin Gakki,PS4,2017.0,Adventure,NIS America,0.09,0.05,0.07,0.03,0.25
Ultimate Marvel vs. Capcom 3,PS4,2017.0,Fighting,Capcom,0.19,0.0,0.02,0.04,0.26
Elite: Dangerous,PS4,2017.0,Simulation,Frontier Developments,0.06,0.1,0.0,0.03,0.19
The Surge,PS4,2017.0,Action,Koch Media,0.07,0.08,0.01,0.03,0.19
Resident Evil: Revelations,PS4,2017.0,Action,Capcom,0.06,0.06,0.04,0.02,0.18
Yonmegami Online: Cyber Dimension Neptune,PS4,2017.0,Role-Playing,Idea Factory International,0.06,0.0,0.07,0.01,0.14
Portal Knights,PS4,2017.0,Role-Playing,505 Games,0.02,0.05,0.03,0.01,0.12
Job Simulator,PS4,2017.0,Simulation,Sony Interactive Entertainment,0.1,0.0,0.0,0.02,0.12
Cities: Skylines,PS4,2017.0,Simulation,Koch Media,0.15,0.07,0.04,0.05,0.3
The Legend of Heroes: Trails of Cold Steel III,PS4,2017.0,Role-Playing,Nihon Falcom Corporation,0.0,0.0,0.13,0.0,0.13
Golf Club 2,PS4,2017.0,Sports,Maximum Games,0.05,0.06,0.0,0.02,0.13
Bulletstorm: Full Clip Edition,PS4,2017.0,Shooter,Gearbox Software,0.05,0.06,0.0,0.02,0.13
NASCAR Heat 2,PS4,2017.0,Racing,505 Games,0.11,0.0,0.0,0.02,0.13
MotoGP 17,PS4,2017.0,Racing,Koch Media,0.04,0.07,0.0,0.02,0.14
Just Dance 2018,PS4,2017.0,Music,Ubisoft,0.1,0.15,0.0,0.05,0.3
Blue Reflection: Maboroshi ni Mau - Shoujo no Ken,PS4,2017.0,Role-Playing,Tecmo Koei,0.07,0.0,0.06,0.02,0.14
Atelier Liddy and Soeur: Alchemists of the Mysterious Painting,PS4,2017.0,Role-Playing,Tecmo Koei,0.03,0.0,0.03,0.01,0.06
Super Robot Wars V,PS4,2017.0,Role-Playing,Namco Bandai Games,0.0,0.0,0.15,0.0,0.15
Valkyria: Azure Revolution,PS4,2017.0,Role-Playing,Deep Silver,0.04,0.03,0.07,0.02,0.16
Pillars of Eternity,PS4,2017.0,Role-Playing,Paradox InteractiveÊ,0.11,0.02,0.0,0.03,0.16
Naruto Shippuden: Ultimate Ninja Storm Legacy,PS4,2017.0,Fighting,Namco Bandai Games,0.07,0.04,0.03,0.02,0.16
Digimon Story: Cyber Sleuth - Hacker's Memory,PS4,2017.0,Role-Playing,Namco Bandai Games,0.05,0.05,0.04,0.02,0.16
Dead Rising 4,PS4,2017.0,Action-Adventure,Capcom,0.08,0.05,0.0,0.03,0.16
MXGP 3: The Official Motocross Videogame,PS4,2017.0,Racing,Milestone,0.06,0.08,0.0,0.03,0.17
Final Fantasy XIV: Stormblood,PS4,2017.0,MMO,Square Enix,0.05,0.06,0.04,0.02,0.17
The Walking Dead - The Telltale Series: A New Frontier,PS4,2017.0,Adventure,Warner Bros. Interactive Entertainment,0.11,0.04,0.0,0.03,0.17
The Binding of Isaac,PS4,2017.0,Misc,Nicalis,0.05,0.0,0.0,0.01,0.06
Danganronpa 1o2 Reload,PS4,2017.0,Adventure,NIS America,0.08,0.0,0.02,0.02,0.12
MX vs ATV Supercross Encore 2017 Track Edition,PS4,2017.0,Racing,THQ Nordic,0.05,0.0,0.0,0.01,0.06
Omega Labyrinth Z,PS4,2017.0,Role-Playing,D3Publisher,0.0,0.0,0.02,0.0,0.02
Occultic;Nine,PS4,2017.0,Adventure,5pb,0.0,0.0,0.01,0.0,0.01
Dragon's Dogma Online: Season 3,PS4,2017.0,Role-Playing,Capcom,0.0,0.0,0.01,0.0,0.01
DJ Max Respect,PS4,2017.0,Misc,Arc System Works,0.0,0.0,0.01,0.0,0.01
Hakoniwa Company Works,PS4,2017.0,Strategy,Nippon Ichi Software,0.0,0.0,0.01,0.0,0.01
New Game! The Challenge Stage!,PS4,2017.0,Adventure,5pb,0.0,0.0,0.01,0.0,0.01
Summer Lesson: Miyamoto Hikari Collection,PS4,2017.0,Adventure,Namco Bandai Games,0.0,0.0,0.01,0.0,0.01
Let It Die,PS4,2017.0,Action,GungHo,0.0,0.01,0.01,0.0,0.01
Torment: Tides of Numenera,PS4,2017.0,Role-Playing,Techland,0.01,0.0,0.0,0.0,0.01
White Day,PS4,2017.0,Action,PQube,0.0,0.01,0.01,0.0,0.02
Pharaonic,PS4,2017.0,Action,Soedesco,0.01,0.0,0.0,0.0,0.02
Rogue Trooper: Redux,PS4,2017.0,Shooter,Rebellion,0.01,0.0,0.0,0.0,0.02
FlatOut 4: Total Insanity,PS4,2017.0,Racing,Bigben Interactive,0.01,0.0,0.0,0.0,0.02
This Is The Police,PS4,2017.0,Simulation,THQ Nordic,0.01,0.0,0.0,0.0,0.02
Genkai Tokki: Castle Panzers,PS4,2017.0,Role-Playing,Compile Heart,0.0,0.0,0.02,0.0,0.02
Konoyo no Hate de Koi o Utau Shoujo: Yu-No,PS4,2017.0,Visual Novel,5pb,0.0,0.0,0.02,0.0,0.02
The Inner World: The Last Wind Monk,PS4,2017.0,Puzzle,Kalypso Media,0.02,0.0,0.0,0.0,0.02
Patapon Remastered,PS4,2017.0,Music,Sony Interactive Entertainment,0.0,0.0,0.02,0.0,0.02
ArmaGallant: Decks of Destiny,PS4,2017.0,Strategy,Maximum Games,0.02,0.0,0.0,0.0,0.02
No Heroes Allowed! VR,PS4,2017.0,Strategy,Sony Interactive Entertainment,0.0,0.0,0.02,0.0,0.02
Tricky Towers,PS4,2017.0,Puzzle,Soedesco,0.02,0.0,0.0,0.0,0.02
PaRappa the Rapper Remastered,PS4,2017.0,Music,Sony Interactive Entertainment,0.0,0.0,0.02,0.0,0.02
Redout,PS4,2017.0,Racing,505 Games,0.02,0.0,0.0,0.0,0.02
Superbeat: Xonic,PS4,2017.0,Music,PM Studios,0.02,0.0,0.0,0.0,0.02
Kono Subarashii Sekai ni Shukufuku o! Kono Yokubukai Game ni Shinpan o!,PS4,2017.0,Adventure,5pb,0.0,0.0,0.01,0.0,0.01
Yahari Game Demo Ore no Seishun Love-Kome wa Machigatteiru. & Zoku: Oatome Set,PS4,2017.0,Adventure,5pb,0.0,0.0,0.01,0.0,0.01
Re:Zero - Kara Hajimeru Isekai Seikatsu - Death or Kiss,PS4,2017.0,Adventure,5pb,0.0,0.0,0.01,0.0,0.01
War Thunder,PS4,2017.0,Action,DMM Games,0.0,0.0,0.0,0.0,0.0
Chaos on Deponia,PS4,2017.0,Adventure,Daedalic Entertainment,0.0,0.0,0.0,0.0,0.0
de Blob,PS4,2017.0,Platform,THQ Nordic,0.0,0.0,0.0,0.0,0.0
Moons Of Madness,PS4,2017.0,Role-Playing,Unknown,0.0,0.0,0.0,0.0,0.0
World to the West,PS4,2017.0,Action-Adventure,Soedesco,0.0,0.0,0.0,0.0,0.0
Cross Reverie,PS4,2017.0,Role-Playing,Sinxsoft,0.0,0.0,0.0,0.0,0.0
Dead Island 2,PS4,2017.0,Action,Deep Silver,0.0,0.0,0.0,0.0,0.0
Psychonauts,PS4,2017.0,Action,Sony Interactive Entertainment,0.0,0.0,0.0,0.0,0.0
Industry Giant II,PS4,2017.0,Strategy,UIG Entertainment,0.0,0.0,0.0,0.0,0.0
Kingdom Hearts HD I.5 + II.5 ReMIX,PS4,2017.0,Action,Square Enix,0.0,0.0,0.0,0.0,0.0
Tsuihou Senkyo,PS4,2017.0,Adventure,Nippon Ichi Software,0.0,0.0,0.0,0.0,0.0
RepKiss,PS4,2017.0,Adventure,Entergram,0.0,0.0,0.0,0.0,0.0
ATV Renegades,PS4,2017.0,Racing,Nighthawk Interactive,0.01,0.0,0.0,0.0,0.01
Iwaihime: Matsuri,PS4,2017.0,Adventure,Nippon Ichi Software,0.0,0.0,0.0,0.0,0.0
Darius Burst: Chronicle Saviours,PS4,2017.0,Action,Kadokawa Games,0.0,0.0,0.01,0.0,0.01
Hyper Light Drifter,PS4,2017.0,Role-Playing,Active Gaming Media,0.0,0.0,0.01,0.0,0.01
One Piece: Unlimited World Red,PS4,2017.0,Action,Namco Bandai Games,0.0,0.0,0.01,0.0,0.01
Valhalla Hills,PS4,2017.0,Strategy,Kalypso Media,0.01,0.0,0.0,0.0,0.01
Date-A-Live Twin Edition: Rio Reincarnation,PS4,2017.0,Adventure,Compile Heart,0.0,0.0,0.01,0.0,0.01
Akiba's Trip 2+A,PS4,2017.0,Adventure,Acquire,0.0,0.0,0.01,0.0,0.01
Lock's Quest,PS4,2017.0,Strategy,THQ Nordic,0.01,0.0,0.0,0.0,0.01
LocoRoco Remastered,PS4,2017.0,Platform,Sony Interactive Entertainment,0.0,0.0,0.01,0.0,0.01
Chaos;Child: Love Chu Chu!!,PS4,2017.0,Visual Novel,5pb,0.0,0.0,0.01,0.0,0.01
Lost Sphear,PS4,2017.0,Role-Playing,Square Enix,0.0,0.0,0.02,0.0,0.02
Touhou Kobuto V: Burst Battle,PS4,2017.0,Shooter,NIS America,0.02,0.0,0.0,0.0,0.03
Deformers,PS4,2017.0,Action,Ready at Dawn,0.05,0.0,0.0,0.01,0.06
The Girl and the Robot,PS4,2017.0,Misc,Soedesco,0.02,0.0,0.0,0.0,0.03
Megadimension Neptunia VIIR,PS4,2017.0,Role-Playing,Compile Heart,0.01,0.0,0.03,0.0,0.04
INSIDE / LIMBO Double Pack,PS4,2017.0,Platform,505 Games,0.04,0.0,0.0,0.01,0.04
Vikings: Wolves of Midgard,PS4,2017.0,Action,Kalypso Media,0.03,0.01,0.0,0.01,0.04
Zero Escape The Nonary Games,PS4,2017.0,Adventure,Aksys Games,0.03,0.0,0.01,0.01,0.04
Raid: World War II,PS4,2017.0,Shooter,505 Games,0.04,0.0,0.0,0.01,0.04
That's You,PS4,2017.0,Party,Sony Interactive Entertainment,0.04,0.0,0.0,0.01,0.04
Deer Hunter Reloaded,PS4,2017.0,Shooter,Maximum Games,0.04,0.0,0.0,0.01,0.04
Dead Alliance,PS4,2017.0,Shooter,Maximum Games,0.04,0.0,0.0,0.01,0.04
Yakuza Kiwami 2,PS4,2017.0,Action,Sega,0.08,0.06,0.19,0.03,0.37
Syberia III,PS4,2017.0,Adventure,Microids,0.04,0.0,0.0,0.01,0.05
Real Farm,PS4,2017.0,Simulation,Soedesco,0.04,0.0,0.0,0.01,0.05
Demon Gaze 2,PS4,2017.0,Role-Playing,NIS America,0.04,0.0,0.0,0.01,0.05
Phantasy Star Online 2 Episode 4: Deluxe Package,PS4,2017.0,Role-Playing,Sega,0.0,0.0,0.05,0.0,0.05
Bubsy: The Woolies Strike Back,PS4,2017.0,Platform,Accolade,0.04,0.0,0.0,0.01,0.05
Starblood Arena VR,PS4,2017.0,Shooter,Sony Interactive Entertainment,0.04,0.0,0.0,0.01,0.05
Touhou Genso Wanderer,PS4,2017.0,Action,NIS America,0.04,0.0,0.0,0.01,0.05
Black Mirror,PS4,2017.0,Adventure,THQ Nordic,0.04,0.0,0.0,0.01,0.05
Battle Chasers: Nightwar,PS4,2017.0,Role-Playing,THQ Nordic,0.03,0.02,0.0,0.01,0.06
Aven Colony,PS4,2017.0,Strategy,Sold Out,0.04,0.01,0.0,0.01,0.06
Sine Mora,PS4,2017.0,Action,THQ Nordic,0.03,0.01,0.0,0.01,0.06
Outcast: Second Contact,PS4,2017.0,Adventure,Maximum Games,0.05,0.0,0.0,0.01,0.06
Yomawari: Midnight Shadows,PS4,2017.0,Action,NIS America,0.02,0.0,0.04,0.0,0.06
Dragon Quest X: All in One Package,PS4,2017.0,Role-Playing,Square Enix,0.0,0.0,0.06,0.0,0.06
Axiom Verge,PS4,2017.0,Action,Badland Studio,0.03,0.0,0.0,0.01,0.04
Unbox: Newbie's Adventure,PS4,2017.0,Action,Merge Games,0.03,0.0,0.0,0.01,0.04
Under Night In-Birth Exe:Latest,PS4,2017.0,Fighting,Arc System Works,0.01,0.0,0.03,0.0,0.04
Romance of the Three Kingdoms 13 with Power-Up Kit,PS4,2017.0,Misc,Tecmo Koei,0.0,0.0,0.03,0.0,0.03
ClaDun Sengoku,PS4,2017.0,Action,NIS America,0.02,0.0,0.0,0.0,0.03
AereA,PS4,2017.0,Role-Playing,Soedesco,0.02,0.0,0.0,0.0,0.03
Zero Escape: Zero Time Dilemma,PS4,2017.0,Adventure,Aksys Games,0.02,0.0,0.0,0.0,0.03
Ao no Kanata no Four Rhythm,PS4,2017.0,Visual Novel,Sprite,0.0,0.0,0.03,0.0,0.03
Naruto Shippuden Ultimate Ninja Storm 4: Road to Boruto,PS4,2017.0,Fighting,Namco Bandai Games,0.0,0.0,0.03,0.0,0.03
The Town of Light,PS4,2017.0,Adventure,Wired Productions,0.02,0.0,0.0,0.01,0.03
Baja: Edge of Control HD,PS4,2017.0,Racing,THQ Nordic,0.02,0.0,0.0,0.01,0.03
Blackguards 2,PS4,2017.0,Strategy,Kalypso Media,0.02,0.0,0.0,0.01,0.03
Winning Post 8 2017,PS4,2017.0,Misc,Tecmo Koei,0.0,0.0,0.03,0.0,0.03
Road Rage,PS4,2017.0,Racing,Maximum Games,0.02,0.0,0.0,0.01,0.03
The Lost Child,PS4,2017.0,Action,Kadokawa Games,0.01,0.0,0.01,0.0,0.03
Yonder: The Cloud Catcher Chronicles,PS4,2017.0,Action,CokeM Interactive,0.03,0.0,0.0,0.01,0.04
The Pillars of the Earth,PS4,2017.0,Adventure,Kalypso Media,0.02,0.0,0.0,0.01,0.03
Troll and I,PS4,2017.0,Action,Maximum Games,0.02,0.0,0.0,0.01,0.03
Coven and Labyrinth of Refrain,PS4,2017.0,Action,Nippon Ichi Software,0.01,0.0,0.01,0.0,0.03
Raiden V,PS4,2017.0,Action,UFO Interactive,0.02,0.0,0.0,0.01,0.03
VR Karts,PS4,2017.0,Racing,Perp Games,0.03,0.0,0.0,0.01,0.04
R.B.I. Baseball 2017,PS4,2017.0,Sports,MLB.com,0.03,0.0,0.0,0.01,0.04
Shadow Tactics: Blades of the Shogun,PS4,2017.0,Strategy,Kalypso Media,0.02,0.01,0.0,0.01,0.04
ABZU,PS4,2017.0,Adventure,505 Games,0.03,0.0,0.0,0.01,0.04
Danganronpa Another Episode: Ultra Despair Girls,PS4,2017.0,Shooter,NIS America,0.03,0.0,0.01,0.01,0.04
Dungeons 3,PS4,2017.0,Strategy,Kalypso Media,0.03,0.0,0.0,0.01,0.04
Ben 10 (2017),PS4,2017.0,Action,Outright Games,0.04,0.0,0.0,0.01,0.05
Radial G Racing Revolved,PS4,2017.0,Racing,Tammeka Games,0.0,0.0,0.0,0.0,0.0
South Park: The Fractured But Whole,PS4,2017.0,Role-Playing,Ubisoft,0.62,0.57,0.0,0.24,1.43
Sniper Elite 4,PS4,2017.0,Shooter,Rebellion Developments,0.21,0.25,0.0,0.09,0.55
The Lego Ninjago Movie Videogame,PS4,2017.0,Action,Warner Bros. Interactive Entertainment,0.16,0.32,0.0,0.09,0.57
NHL 18,PS4,2017.0,Sports,EA Sports,0.31,0.16,0.0,0.1,0.57
WWE 2K18,PS4,2017.0,Sports,2K Sports,0.45,0.67,0.0,0.22,1.33
Everybody's Golf,PS4,2017.0,Sports,Sony Interactive Entertainment,0.12,0.22,0.17,0.06,0.56
Wolfenstein II: The New Colossus,PS4,2017.0,Shooter,Bethesda Softworks,0.55,0.58,0.01,0.22,1.36
DOOM VFR,PS4,2017.0,Shooter,Bethesda Softworks,0.22,0.25,0.0,0.09,0.56
The Sims 4,PS4,2017.0,Simulation,Electronic Arts,0.44,0.72,0.01,0.22,1.39
Sonic Forces,PS4,2017.0,Platform,Sega,0.15,0.31,0.01,0.09,0.56
Mass Effect: Andromeda,PS4,2017.0,Role-Playing,Electronic Arts,0.58,0.67,0.0,0.25,1.49
Project CARS 2,PS4,2017.0,Racing,Namco Bandai Games,0.1,0.35,0.02,0.08,0.55
Knack 2,PS4,2017.0,Platform,Sony Interactive Entertainment,0.14,0.25,0.01,0.07,0.47
Tekken 7,PS4,2017.0,Fighting,Namco Bandai Games,0.6,0.72,0.12,0.26,1.7
NieR Automata,PS4,2017.0,Role-Playing,Square Enix,0.56,0.51,0.42,0.22,1.71
Injustice 2,PS4,2017.0,Fighting,Warner Bros. Interactive Entertainment,0.88,0.54,0.0,0.29,1.72
For Honor,PS4,2017.0,Action,Ubisoft,0.73,0.66,0.07,0.28,1.75
DiRT 4,PS4,2017.0,Racing,Codemasters,0.1,0.3,0.02,0.07,0.49
Farpoint,PS4,2017.0,Shooter,Sony Interactive Entertainment,0.0,0.38,0.04,0.06,0.48
Kingdom Hearts 1.5 + 2.5 Remix,PS4,2017.0,Role-Playing,Square Enix,0.75,0.51,0.23,0.26,1.75
Friday the 13th: The Game,PS4,2017.0,Action,Gun Media,0.29,0.09,0.03,0.08,0.48
Dragon Quest XI,PS4,2017.0,Role-Playing,Square Enix,0.29,0.22,1.43,0.1,2.04
Horizon: Zero Dawn,PS4,2017.0,Action,Sony Interactive Entertainment,2.2,2.43,0.28,0.92,5.82
Kingdom Hearts HD 2.8 Final Chapter Prologue,PS4,2017.0,Role-Playing,Square Enix,0.57,0.25,0.2,0.17,1.2
Call of Duty: Modern Warfare Remastered,PS4,2017.0,Shooter,Activision,0.17,0.3,0.03,0.09,0.58
Hidden Agenda,PS4,2017.0,Adventure,Sony Interactive Entertainment,0.08,0.42,0.0,0.09,0.59
LEGO City Undercover,PS4,2017.0,Platform,Warner Bros. Interactive Entertainment,0.17,0.46,0.01,0.12,0.75
WipEout Omega Collection,PS4,2017.0,Racing,Sony Interactive Entertainment,0.12,0.49,0.0,0.11,0.72
Crash Bandicoot N. Sane Trilogy,PS4,2017.0,Platform,Activision,1.09,2.92,0.07,0.74,4.83
Marvel vs. Capcom: Infinite,PS4,2017.0,Fighting,Capcom,0.36,0.19,0.04,0.11,0.7
Hitman (2016),PS4,2017.0,Action,Square Enix,0.24,0.36,0.06,0.11,0.78
ARK: Survival Evolved,PS4,2017.0,Action,Studio Wildcard,0.28,0.29,0.14,0.11,0.81
Fortnite,PS4,2017.0,Action,Gearbox Software,0.42,0.32,0.0,0.15,0.89
Star Wars Battlefront II (2017),PS4,2017.0,Shooter,Electronic Arts,1.7,1.99,0.12,0.73,4.53
Ni-Oh,PS4,2017.0,Action,Tecmo Koei,0.34,0.36,0.2,0.14,1.03
F1 2017,PS4,2017.0,Racing,Koch Media,0.04,0.47,0.02,0.09,0.62
Prey (2017),PS4,2017.0,Shooter,Bethesda Softworks,0.25,0.62,0.02,0.16,1.04
The Evil Within II,PS4,2017.0,Action,Bethesda Softworks,0.31,0.49,0.09,0.15,1.05
Final Fantasy XII: The Zodiac Age,PS4,2017.0,Role-Playing,Square Enix,0.37,0.41,0.16,0.15,1.1
LEGO Marvel Super Heroes 2,PS4,2017.0,Action,Warner Bros. Interactive Entertainment,0.33,0.6,0.0,0.18,1.11
Knowledge is Power,PS4,2017.0,Party,Sony Interactive Entertainment,0.05,0.47,0.0,0.09,0.61
The Elder Scrolls V: Skyrim PSVR,PS4,2017.0,Role-Playing,Bethesda Softworks,0.47,0.47,0.01,0.19,1.13
LEGO Worlds,PS4,2017.0,Misc,Warner Bros. Interactive Entertainment,0.21,0.72,0.04,0.17,1.14
L.A. Noire,PS4,2017.0,Adventure,Rockstar Games,0.18,0.32,0.0,0.1,0.6
MLB The Show 17,PS4,2017.0,Sports,Sony Interactive Entertainment,0.94,0.0,0.0,0.22,1.16
Middle-Earth: Shadow of War,PS4,2017.0,Action,Warner Bros. Interactive Entertainment,0.82,0.84,0.06,0.33,2.04
Pro Evolution Soccer 2018,PS4,2017.0,Sports,Konami Digital Entertainment,0.12,0.36,0.19,0.09,0.75
Madden NFL 18,PS4,2017.0,Sports,EA Sports,1.73,0.42,0.0,0.47,2.62
FIFA 18,PS4,2017.0,Sports,EA Sports,1.27,8.64,0.15,1.73,11.8
Call of Duty: WWII,PS4,2017.0,Shooter,Activision,4.67,6.21,0.4,2.12,13.4
Destiny 2,PS4,2017.0,Shooter,Activision,1.92,1.44,0.1,0.69,4.14
Assassin's Creed Origins,PS4,2017.0,Action,Ubisoft,1.22,2.11,0.11,0.63,4.06
Gran Turismo Sport,PS4,2017.0,Racing,Sony Interactive Entertainment,0.63,2.35,0.24,0.54,3.77
Need for Speed: Payback,PS4,2017.0,Racing,Electronic Arts,0.62,1.18,0.04,0.34,2.18
Tom Clancy's Ghost Recon Wildlands,PS4,2017.0,Shooter,Ubisoft,1.07,1.35,0.22,0.47,3.12
Little Nightmares,PS4,2017.0,Platform,Namco Bandai Games,0.18,0.12,0.02,0.06,0.39
NBA 2K18,PS4,2017.0,Sports,2K Sports,2.13,0.57,0.04,0.59,3.34
Resident Evil VII: Biohazard,PS4,2017.0,Action,Capcom,0.88,1.56,0.41,0.46,3.31
Uncharted: The Lost Legacy,PS4,2017.0,Action,Sony Interactive Entertainment,0.58,1.38,0.04,0.36,2.37
Sherlock Holmes: The Devil's Daughter,PS4,2016.0,Adventure,Bigben Interactive,0.05,0.0,0.0,0.01,0.06
Agatha Christie: The ABC Murders,PS4,2016.0,Adventure,Microids,0.0,0.0,0.0,0.0,0.0
Dead or Alive Xtreme 3: Fortune,PS4,2016.0,Sports,Tecmo Koei,0.0,0.0,0.06,0.0,0.06
MLB 16: The Show,PS4,2016.0,Sports,Sony Computer Entertainment,0.78,0.0,0.0,0.18,0.96
Hustle Kings VR,PS4,2016.0,Sports,Sony Interactive Entertainment,0.0,0.0,0.0,0.0,0.0
Mark McMorris Infinite Air,PS4,2016.0,Sports,Maximum Games,0.05,0.0,0.0,0.01,0.06
Atari Flashback Classics: Volume 2,PS4,2016.0,Misc,Atari,0.05,0.0,0.0,0.01,0.06
LEGO Marvel's Avengers,PS4,2016.0,Action,Warner Bros. Interactive Entertainment,0.31,0.53,0.01,0.16,1.01
Cartoon Network Battle Crashers,PS4,2016.0,Action,Maximum Games,0.05,0.0,0.0,0.01,0.06
Steep,PS4,2016.0,Sports,Ubisoft,0.23,0.6,0.02,0.15,1.01
King's Quest: The Complete Collection,PS4,2016.0,Adventure,Activision,0.05,0.0,0.0,0.01,0.06
Toki Tori 2+,PS4,2016.0,Puzzle,Two Tribes,0.0,0.0,0.0,0.0,0.0
Life is Strange,PS4,2016.0,Adventure,Square Enix,0.11,0.16,0.05,0.05,0.37
NBA 2K17,PS4,2016.0,Sports,2K Sports,2.28,0.59,0.03,0.63,3.52
The Witness,PS4,2016.0,Misc,"Thekla, Inc.",0.0,0.0,0.0,0.0,0.0
Atari Flashback Classics: Volume 1,PS4,2016.0,Misc,Atari,0.05,0.0,0.0,0.01,0.07
Super Meat Boy,PS4,2016.0,Platform,Team Meat,0.0,0.0,0.0,0.0,0.01
The Escapists: The Walking Dead,PS4,2016.0,Action,Team17 Software,0.0,0.0,0.0,0.0,0.01
Werewolves Within,PS4,2016.0,Misc,Ubisoft,0.04,0.0,0.0,0.01,0.05
The Elder Scrolls V: Skyrim,PS4,2016.0,Role-Playing,Bethesda Softworks,1.24,1.5,0.08,0.54,3.36
Watch Dogs 2,PS4,2016.0,Action,Ubisoft,0.98,1.74,0.12,0.52,3.36
Worms: WMD,PS4,2016.0,Strategy,Team17 Digital Ltd,0.02,0.02,0.0,0.01,0.05
Sengoku Basara: Sanada Yukimura-Den,PS4,2016.0,Action,Capcom,0.0,0.0,0.05,0.0,0.05
Sbastien Loeb Rally Evo,PS4,2016.0,Racing,Milestone S.r.l,0.0,0.04,0.0,0.01,0.05
Without Memory,PS4,2016.0,Misc,Unknown,0.0,0.0,0.0,0.0,0.0
Monster Jam: Crush It,PS4,2016.0,Racing,GameMill,0.04,0.0,0.0,0.01,0.05
ZombiU,PS4,2016.0,Action,Ubisoft,0.0,0.04,0.01,0.01,0.07
PlayStation VR Worlds,PS4,2016.0,Misc,Sony Interactive Entertainment,0.36,1.4,0.09,0.32,2.16
LEGO Harry Potter Collection,PS4,2016.0,Action,Warner Bros. Interactive Entertainment,0.07,0.68,0.0,0.13,0.88
Assault Suit Leynos,PS4,2016.0,Shooter,Rising Star Games,0.04,0.0,0.0,0.01,0.05
Loading Human,PS4,2016.0,Adventure,Maximum Games,0.05,0.02,0.0,0.01,0.08
Hasbro Family Fun Pack Conquest Edition,PS4,2016.0,Misc,Ubisoft,0.07,0.0,0.0,0.02,0.08
Uncharted: Drake's Fortune,PS4,2016.0,Action,Sony Interactive Entertainment,0.0,0.0,0.0,0.0,0.0
Shantae: Half-Genie Hero,PS4,2016.0,Platform,Xseed Games,0.06,0.0,0.01,0.01,0.08
Agatha Christie's The ABC Murders,PS4,2016.0,Adventure,Microids,0.05,0.02,0.0,0.02,0.08
Ghostbusters (2016),PS4,2016.0,Action,Activision,0.07,0.0,0.0,0.02,0.08
Uncharted 3: Drake's Deception,PS4,2016.0,Action,Sony Interactive Entertainment,0.0,0.0,0.0,0.0,0.0
Overwatch,PS4,2016.0,Shooter,Blizzard Entertainment,1.84,1.8,0.17,0.73,4.54
Mount & Blade: Warband,PS4,2016.0,Role-Playing,Taleworlds,0.0,0.0,0.0,0.0,0.0
Duke Nukem 3D: 20th Anniversary World Tour,PS4,2016.0,Shooter,Gearbox Software,0.07,0.0,0.0,0.02,0.09
Black Rose Valkyrie,PS4,2016.0,Role-Playing,Idea Factory International,0.04,0.0,0.04,0.01,0.09
Summon Night 6: Lost Borders,PS4,2016.0,Role-Playing,Gaijinworks,0.03,0.0,0.05,0.01,0.09
Paragon,PS4,2016.0,Action,Sony Interactive Entertainment,0.07,0.0,0.0,0.02,0.09
Uncharted 2: Among Thieves,PS4,2016.0,Action,Sony Interactive Entertainment,0.0,0.0,0.0,0.0,0.0
Nobunaga's Ambition: Sphere of Influence - Sengoku Risshiden,PS4,2016.0,Strategy,Tecmo Koei,0.03,0.0,0.06,0.01,0.09
F1 2016 (Codemasters),PS4,2016.0,Racing,Codemasters,0.07,0.56,0.03,0.11,0.78
Atelier Firis: The Alchemist of the Mysterious Journey,PS4,2016.0,Role-Playing,Tecmo Koei,0.02,0.0,0.05,0.01,0.08
Dead Rising,PS4,2016.0,Action,Capcom,0.04,0.0,0.02,0.01,0.08
Ancients of Ooga - The Forgotten Chapters,PS4,2016.0,Platform,Koch Media,0.0,0.0,0.0,0.0,0.0
Warhammer: The End Times - Vermintide,PS4,2016.0,Action,Games Workshop,0.03,0.03,0.0,0.01,0.07
BioShock The Collection,PS4,2016.0,Shooter,2K Games,0.41,0.28,0.03,0.14,0.86
Kamen Rider: Battride War Genesis,PS4,2016.0,Action,Namco Bandai Games,0.0,0.0,0.07,0.0,0.07
Farming Simulator 17,PS4,2016.0,Simulation,Focus Home Interactive,0.19,0.52,0.01,0.13,0.85
Touhou Genso Rondo: Bullet Ballet,PS4,2016.0,Shooter,NIS America,0.06,0.0,0.0,0.01,0.07
Dead Rising 2,PS4,2016.0,Action,Capcom,0.04,0.0,0.02,0.01,0.07
Assassin's Creed The Ezio Collection,PS4,2016.0,Action,Ubisoft,0.14,0.52,0.02,0.12,0.79
Assetto Corsa,PS4,2016.0,Racing,505 Games,0.0,0.06,0.01,0.01,0.08
Project Setsuna,PS4,2016.0,Role-Playing,Square Enix,0.0,0.0,0.07,0.0,0.07
Samurai Warriors: Sanada Maru,PS4,2016.0,Action,Tecmo Koei,0.02,0.0,0.05,0.01,0.07
Resident Evil 5 HD,PS4,2016.0,Action,Capcom,0.05,0.0,0.01,0.01,0.07
Destiny: The Collection,PS4,2016.0,Shooter,Activision,0.24,0.4,0.02,0.12,0.78
WRC 6,PS4,2016.0,Racing,PQube,0.03,0.02,0.01,0.01,0.08
Akiba's Beat,PS4,2016.0,Action,PQube,0.05,0.0,0.01,0.01,0.08
Prison Architect,PS4,2016.0,Simulation,Introversion Software,0.02,0.02,0.0,0.01,0.05
Madden NFL 17,PS4,2016.0,Sports,EA Sports,2.3,0.37,0.0,0.6,3.28
Tokyo Twilight Ghost Hunters Daybreak: Special Gigs,PS4,2016.0,Adventure,NIS America,0.04,0.0,0.0,0.01,0.05
Titanfall 2,PS4,2016.0,Shooter,Electronic Arts,0.75,0.62,0.06,0.28,1.72
Skullgirls: 2nd Encore,PS4,2016.0,Fighting,Arc System Works,0.0,0.0,0.02,0.0,0.02
OlliOlli: Epic Combo Edition,PS4,2016.0,Platform,Badland Studio,0.02,0.0,0.0,0.01,0.03
Shin Hayarigami 2,PS4,2016.0,Adventure,Nippon Ichi Software,0.0,0.0,0.03,0.0,0.03
We Sing (2016),PS4,2016.0,Music,THQ Nordic,0.02,0.0,0.0,0.01,0.03
Geometry Wars 3: Dimensions Evolved,PS4,2016.0,Action,Activision,0.02,0.0,0.0,0.01,0.03
Crows: Burning Edge,PS4,2016.0,Action,Namco Bandai Games,0.0,0.0,0.03,0.0,0.03
Touhou Shinhiroku: Urban Legend in Limbo,PS4,2016.0,Fighting,Mediascape,0.0,0.0,0.02,0.0,0.02
God Eater Off Shot: Fujiki Kota-hen Twin Pack & Animation Vol.6,PS4,2016.0,Misc,Namco Bandai Games,0.0,0.0,0.02,0.0,0.02
Tumblestone,PS4,2016.0,Puzzle,Nighthawk Interactive,0.02,0.0,0.0,0.01,0.03
God Eater Off Shot:Shiou-hen Twin Pack & Animation Vol.5,PS4,2016.0,Misc,Namco Bandai Games,0.0,0.0,0.03,0.0,0.03
Dino Dini's Kick Off Revival,PS4,2016.0,Sports,Avanquest,0.0,0.02,0.0,0.0,0.03
Ratchet & Clank (2016),PS4,2016.0,Platform,Sony Interactive Entertainment,0.97,0.97,0.06,0.39,2.38
Dark Souls III,PS4,2016.0,Role-Playing,Namco Bandai Games,1.0,0.63,0.44,0.34,2.42
Koihime Enbu,PS4,2016.0,Fighting,Yeti,0.0,0.0,0.03,0.0,0.03
No Man's Sky,PS4,2016.0,Action-Adventure,Hello Games,0.89,0.97,0.04,0.37,2.26
Root Letter,PS4,2016.0,Visual Novel,PQube,0.0,0.0,0.03,0.0,0.03
Overcooked,PS4,2016.0,Action,Sold Out,0.04,0.0,0.0,0.01,0.05
God Eater Off Shot: Tachibana Sakuya-hen Twin Pack & Animation Vol.7,PS4,2016.0,Action,Namco Bandai Games,0.0,0.0,0.02,0.0,0.02
Carmageddon: Max Damage,PS4,2016.0,Action,Stainless Games,0.02,0.0,0.0,0.0,0.02
Rise of the Tomb Raider,PS4,2016.0,Adventure,Square Enix,0.61,1.08,0.05,0.32,2.07
Tom Clancy's The Division,PS4,2016.0,Shooter,Ubisoft,1.49,2.04,0.16,0.69,4.37
Dungeons 2,PS4,2016.0,Role-Playing,Kalypso Media,0.02,0.0,0.0,0.0,0.02
Big Buck Hunter Arcade,PS4,2016.0,Shooter,GameMill Entertainment,0.02,0.0,0.0,0.0,0.02
Earth's Dawn,PS4,2016.0,Action,Rising Star Games,0.02,0.0,0.0,0.0,0.02
Resident Evil: Value Pack,PS4,2016.0,Action-Adventure,Capcom,0.0,0.0,0.02,0.0,0.02
Dishonored 2,PS4,2016.0,Action,Bethesda Softworks,0.62,1.02,0.01,0.31,1.97
Super Stardust Ultra VR,PS4,2016.0,Shooter,Sony Interactive Entertainment,0.0,0.02,0.0,0.0,0.02
Republique,PS4,2016.0,Action-Adventure,Gunho Online Entertainment,0.0,0.01,0.01,0.0,0.02
SteamWorld Collection,PS4,2016.0,Misc,Rising Star Games,0.02,0.0,0.0,0.0,0.02
Rocket League,PS4,2016.0,Sports,505 Games,0.37,1.34,0.0,0.31,2.02
Reus,PS4,2016.0,Strategy,Soedesco,0.0,0.0,0.0,0.0,0.0
God Eater Off Shot: Soma Shikkuzaru-hen Twin Pack & Animation Vol.4,PS4,2016.0,Action,Namco Bandai Games,0.0,0.0,0.02,0.0,0.02
Persona 5,PS4,2016.0,Role-Playing,Deep Silver,0.62,0.34,0.48,0.2,1.64
Naruto Shippuden: Ultimate Ninja Storm 4,PS4,2016.0,Fighting,Namco Bandai Games,0.71,0.47,0.12,0.24,1.54
Super Dungeon Bros,PS4,2016.0,Action,Wired Productions,0.02,0.0,0.0,0.01,0.03
The Last Guardian,PS4,2016.0,Action-Adventure,Sony Interactive Entertainment,0.4,0.58,0.13,0.19,1.29
Zombie Vikings,PS4,2016.0,Action,Rising Star Games,0.0,0.01,0.0,0.0,0.01
Ziggurat,PS4,2016.0,Shooter,Soedesco,0.0,0.01,0.0,0.0,0.01
Lego Star Wars: The Force Awakens,PS4,2016.0,Action-Adventure,Warner Bros. Interactive Entertainment,0.3,0.78,0.02,0.2,1.31
Aragami,PS4,2016.0,Action,Maximum Games,0.03,0.0,0.0,0.01,0.04
EA Sports UFC 2,PS4,2016.0,Sports,EA Sports,0.44,0.65,0.0,0.21,1.31
Here They Lie,PS4,2016.0,Adventure,Sony Interactive Entertainment,0.0,0.03,0.0,0.01,0.04
Anima - Gate of Memories,PS4,2016.0,Action,Avanquest,0.01,0.02,0.0,0.01,0.04
Dragon's Dogma Online: Season 2,PS4,2016.0,Action,Capcom,0.0,0.0,0.03,0.0,0.03
Air Conflicts: Secret Wars,PS4,2016.0,Simulation,Nighthawk Interactive,0.03,0.0,0.0,0.01,0.04
R.B.I. Baseball 2016,PS4,2016.0,Sports,MLB.com,0.04,0.0,0.0,0.01,0.04
Moto Racer 4,PS4,2016.0,Racing,PQube,0.01,0.0,0.0,0.0,0.01
WWE 2K17,PS4,2016.0,Sports,2K Games,0.32,0.7,0.0,0.19,1.22
Rugby Challenge 3,PS4,2016.0,Sports,Alternative Software,0.0,0.04,0.0,0.01,0.04
Monster Hunter Frontier Z: Beginner's Package,PS4,2016.0,Action,Capcom,0.0,0.0,0.02,0.0,0.02
Farming 2017 - The Simulation,PS4,2016.0,Simulation,UIG Entertainment,0.0,0.01,0.0,0.0,0.01
Aegis of Earth: Protonovus Assault,PS4,2016.0,Action,PQube,0.03,0.01,0.0,0.01,0.04
Just Sing,PS4,2016.0,Music,Ubisoft,0.03,0.0,0.0,0.01,0.04
Street Fighter V,PS4,2016.0,Fighting,Capcom,0.64,0.42,0.12,0.22,1.39
Lumo,PS4,2016.0,Puzzle,Rising Star Games,0.03,0.0,0.0,0.01,0.04
Battle Garegga Rev.2016,PS4,2016.0,Strategy,M2,0.0,0.0,0.01,0.0,0.01
Doom (2016),PS4,2016.0,Shooter,Bethesda Softworks,0.93,1.48,0.04,0.46,2.92
The Technomancer,PS4,2016.0,Role-Playing,Focus Home Interactive,0.04,0.04,0.0,0.02,0.09
Mafia III,PS4,2016.0,Action-Adventure,2K Games,0.72,1.67,0.04,0.44,2.87
Battle Worlds: Kronos,PS4,2016.0,Strategy,Nordic Games,0.01,0.0,0.0,0.0,0.01
Dragon Ball: Xenoverse 2,PS4,2016.0,Action,Namco Bandai Games,0.54,0.59,0.14,0.23,1.5
Resident Evil: Umbrella Corps,PS4,2016.0,Shooter,Capcom,0.0,0.0,0.04,0.0,0.04
Marvel Pinball: Epic Collection Volume 1,PS4,2016.0,Puzzle,Nighthawk Interactive,0.03,0.0,0.0,0.01,0.04
Far Cry: Primal,PS4,2016.0,Action-Adventure,Ubisoft,0.63,1.61,0.07,0.41,2.73
The Dwarves,PS4,2016.0,Role-Playing,THQ Nordic,0.03,0.0,0.0,0.01,0.03
Dynasty Warriors: Eiketsuden,PS4,2016.0,Strategy,Tecmo Koei,0.0,0.0,0.03,0.0,0.03
Winning Post 8 2016,PS4,2016.0,Simulation,Tecmo Koei,0.0,0.0,0.03,0.0,0.03
Resident Evil Zero,PS4,2016.0,Action-Adventure,Capcom,0.07,0.18,0.07,0.05,0.37
Until Dawn: Rush of Blood,PS4,2016.0,Shooter,Sony Interactive Entertainment,0.5,0.21,0.0,0.15,0.85
Resident Evil 5,PS4,2016.0,Action,Capcom,0.0,0.0,0.0,0.0,0.0
Call of Duty: Infinite Warfare,PS4,2016.0,Shooter,Activision,3.11,3.83,0.19,1.36,8.48
Star Ocean 5: Integrity and Faithlessness,PS4,2016.0,Role-Playing,Square Enix,0.1,0.13,0.16,0.05,0.45
Berserk Musou,PS4,2016.0,Action,Tecmo Koei,0.0,0.0,0.0,0.0,0.0
Utawarerumono: Futari no Hakuoro,PS4,2016.0,Visual Novel,Atlus,0.05,0.0,0.07,0.01,0.13
Ikenie to Yuki no Setsuna,PS4,2016.0,Role-Playing,Square Enix,0.0,0.0,0.0,0.0,0.0
RIGS: Mechanized Combat League,PS4,2016.0,Action,Sony Interactive Entertainment,0.11,0.06,0.02,0.04,0.23
The Heavy Rain and Beyond: Two Souls Collection,PS4,2016.0,Action,Sony Computer Entertainment,0.0,0.24,0.0,0.04,0.28
Plants vs. Zombies: Garden Warfare 2,PS4,2016.0,Shooter,Electronic Arts,0.22,0.31,0.0,0.1,0.63
Skylanders Imaginators,PS4,2016.0,Platform,Activision,0.18,0.18,0.0,0.07,0.43
Metal Gear Solid V: The Definitive Experience,PS4,2016.0,Action,Konami Digital Entertainment,0.13,0.08,0.03,0.04,0.29
Psycho-Pass: Mandatory Happiness,PS4,2016.0,Visual Novel,NIS America,0.1,0.02,0.0,0.03,0.15
Battlezone,PS4,2016.0,Action,Sony Interactive Entertainment,0.09,0.04,0.0,0.03,0.16
Dead Island Definitive Collection,PS4,2016.0,Action,Deep Silver,0.09,0.08,0.03,0.03,0.23
Teenage Mutant Ninja Turtles: Mutants in Manhattan,PS4,2016.0,Action,Activision,0.07,0.03,0.0,0.02,0.12
Batman: Return to Arkham,PS4,2016.0,Action,Warner Bros. Interactive Entertainment,0.15,0.39,0.01,0.1,0.64
Battleborn,PS4,2016.0,Shooter,2K Games,0.25,0.12,0.03,0.08,0.48
One Piece: Burning Blood,PS4,2016.0,Fighting,Namco Bandai Games,0.21,0.26,0.09,0.09,0.65
Attack on Titan (KOEI),PS4,2016.0,Action,Tecmo Koei,0.08,0.24,0.12,0.06,0.5
Mirror's Edge 2,PS4,2016.0,Platform,Electronic Arts,0.13,0.19,0.03,0.06,0.42
Dragon Quest Builders: Revive Alefgard,PS4,2016.0,Role-Playing,Square Enix,0.12,0.17,0.24,0.06,0.58
Berserk and the Band of the Hawk,PS4,2016.0,Action,Tecmo Koei,0.07,0.02,0.05,0.02,0.16
Battlefield 1,PS4,2016.0,Shooter,Electronic Arts,2.2,3.65,0.29,1.12,7.26
God Wars: Beyond Time,PS4,2016.0,Role-Playing,Kadokawa Games,0.0,0.0,0.0,0.0,0.0
World of Final Fantasy,PS4,2016.0,Role-Playing,Square Enix,0.24,0.21,0.09,0.09,0.62
Valentino Rossi: The Game,PS4,2016.0,Racing,Namco Bandai Games,0.05,0.05,0.0,0.02,0.13
Arslan: The Warriors of Legend,PS4,2016.0,Action,Tecmo Koei,0.03,0.04,0.06,0.01,0.14
Pro Cycling Manager 2016,PS4,2016.0,Sports,Focus Home Interactive,0.0,0.12,0.0,0.02,0.14
Song of the Deep,PS4,2016.0,Action,Insomniac Games,0.12,0.0,0.0,0.03,0.15
TrackMania Turbo,PS4,2016.0,Racing,Ubisoft,0.04,0.35,0.0,0.07,0.47
Toukiden 2,PS4,2016.0,Action,Tecmo Koei,0.04,0.0,0.1,0.01,0.15
Guilty Gear Xrd -Revelator-,PS4,2016.0,Fighting,PQube,0.06,0.0,0.07,0.01,0.14
Rocksmith 2014 Edition Remastered,PS4,2016.0,Music,Ubisoft,0.11,0.0,0.0,0.03,0.14
Dragon Quest Heroes II: Twin Kings and the Prophecy's End,PS4,2016.0,Action,Square Enix,0.05,0.09,0.3,0.03,0.47
MXGP 2,PS4,2016.0,Racing,Milestone S.r.l.,0.05,0.06,0.0,0.02,0.14
Ginger: Beyond the Crystal,PS4,2016.0,Platform,PQube,0.0,0.0,0.0,0.0,0.0
Don Bradman Cricket 17,PS4,2016.0,Sports,Tru Blu Entertainment,0.0,0.0,0.0,0.0,0.0
NASCAR Heat Evolution,PS4,2016.0,Racing,Dusenberry Martin Racing,0.12,0.0,0.0,0.03,0.15
Yakuza Kiwami,PS4,2016.0,Adventure,Sega,0.13,0.07,0.21,0.04,0.45
Fate/Extella: The Umbral Star,PS4,2016.0,Action,PQube,0.12,0.0,0.12,0.03,0.27
DriveClub VR,PS4,2016.0,Racing,Sony Interactive Entertainment,0.12,0.09,0.01,0.04,0.27
Hatsune Miku: Project Diva X,PS4,2016.0,Music,Sega,0.08,0.0,0.04,0.02,0.13
Robinson: The Journey,PS4,2016.0,Action-Adventure,Sony Interactive Entertainment,0.14,0.09,0.0,0.05,0.27
Killing Floor 2Ê,PS4,2016.0,Shooter,Tripwire Interactive,0.19,0.03,0.0,0.05,0.27
Jikkyou Powerful Pro Baseball 2016,PS4,2016.0,Sports,Konami Digital Entertainment,0.0,0.0,0.24,0.0,0.24
Homefront: The Revolution,PS4,2016.0,Shooter,Deep Silver,0.11,0.29,0.04,0.07,0.5
Uncharted (PS4),PS4,2016.0,Action,Sony Interactive Entertainment,4.49,3.93,0.21,1.7,10.33
Valkyria Chronicles,PS4,2016.0,Role-Playing,Sega,0.14,0.08,0.08,0.04,0.33
Final Fantasy XV,PS4,2016.0,Role-Playing,Square Enix,1.81,1.53,1.05,0.68,5.07
Super Robot Wars OG: The Moon Dwellers,PS4,2016.0,Misc,Namco Bandai Games,0.0,0.0,0.11,0.0,0.11
Gundam Breaker 3,PS4,2016.0,Action,Namco Bandai Games,0.0,0.0,0.11,0.0,0.11
Assassin's Creed Chronicles,PS4,2016.0,Action,Ubisoft,0.02,0.05,0.02,0.01,0.11
Mega Man Legacy Collection,PS4,2016.0,Platform,Capcom,0.09,0.0,0.0,0.02,0.11
NHL 17,PS4,2016.0,Sports,EA Sports,0.32,0.11,0.0,0.09,0.52
Yakuza 6,PS4,2016.0,Adventure,Sega,0.16,0.1,0.38,0.05,0.69
The King of Fighters XIV,PS4,2016.0,Fighting,Deep Silver,0.21,0.02,0.06,0.05,0.34
Tokyo Xanadu eX+,PS4,2016.0,Role-Playing,Nihon Falcom Corporation,0.05,0.0,0.05,0.01,0.1
7 Days to Die,PS4,2016.0,Action,Telltale Games,0.09,0.08,0.0,0.03,0.21
SD Gundam G Generation Genesis,PS4,2016.0,Strategy,Namco Bandai Games,0.0,0.0,0.11,0.0,0.11
Deus Ex: Mankind Divided,PS4,2016.0,Role-Playing,Square Enix,0.25,0.34,0.01,0.12,0.72
Odin Sphere: Leifthrasir,PS4,2016.0,Role-Playing,NIS America,0.14,0.07,0.09,0.04,0.34
Batman: Arkham VR,PS4,2016.0,Action,Warner Bros. Interactive Entertainment,0.32,0.0,0.0,0.07,0.39
Alekhine's Gun,PS4,2016.0,Action,Maximum Games,0.0,0.0,0.0,0.0,0.0
OlliOlli 2: Welcome to Olliwood,PS4,2016.0,Sports,PQube,0.0,0.0,0.0,0.0,0.0
Pro Evolution Soccer 2017,PS4,2016.0,Sports,Konami Digital Entertainment,0.08,0.41,0.18,0.09,0.75
Batman: A Telltale Game Series,PS4,2016.0,Adventure,Telltale Games,0.09,0.07,0.0,0.03,0.19
Eagle Flight,PS4,2016.0,Adventure,Ubisoft,0.09,0.08,0.0,0.03,0.2
Resident Evil 6,PS4,2016.0,Shooter,Capcom,0.1,0.0,0.05,0.02,0.17
Just Dance 2017,PS4,2016.0,Misc,Ubisoft,0.08,0.12,0.0,0.04,0.24
Digimon Story: Cyber Sleuth,PS4,2016.0,Role-Playing,Namco Bandai Games,0.0,0.1,0.0,0.02,0.11
Ride 2,PS4,2016.0,Racing,Milestone S.r.l,0.07,0.06,0.01,0.03,0.16
UEFA Euro 2016,PS4,2016.0,Sports,Konami Digital Entertainment,0.0,0.22,0.05,0.04,0.31
Mighty No. 9,PS4,2016.0,Platform,Deep Silver,0.09,0.0,0.0,0.02,0.11
BlazBlue Central Fiction,PS4,2016.0,Fighting,PQube,0.1,0.0,0.05,0.02,0.17
EVE: Valkyrie,PS4,2016.0,Shooter,Sony Interactive Entertainment,0.11,0.06,0.0,0.04,0.21
Prototype: Biohazard Bundle,PS4,2016.0,Action,Activision,0.14,0.0,0.0,0.03,0.17
Sword Art Online: Hollow Realization,PS4,2016.0,Role-Playing,Namco Bandai Games,0.18,0.06,0.12,0.05,0.41
XCOM 2,PS4,2016.0,Strategy,2K Games,0.16,0.1,0.0,0.05,0.31
FIFA 17,PS4,2016.0,Sports,Electronic Arts,1.26,7.95,0.12,1.61,10.94
DiRT Rally,PS4,2016.0,Racing,Codemasters,0.13,0.3,0.0,0.08,0.51
The London Heist,PS4,2016.0,Shooter,Sony Computer Entertainment,0.0,0.0,0.0,0.0,0.0
The Idolmaster: Platinum Stars,PS4,2016.0,Simulation,Namco Bandai Games,0.0,0.0,0.11,0.0,0.11
Resident Evil 4 HD,PS4,2016.0,Action-Adventure,Capcom,0.07,0.0,0.01,0.02,0.1
Tales of Berseria,PS4,2016.0,Role-Playing,Namco Bandai Games,0.22,0.1,0.26,0.07,0.65
Killing Bites,PS4,2016.0,Action,Unknown,0.0,0.0,0.0,0.0,0.0
Darksiders: Warmastered Edition,PS4,2016.0,Action-Adventure,THQ Nordic,0.07,0.02,0.0,0.02,0.11
Helldivers,PS4,2015.0,Action,Sony Computer Entertainment,0.0,0.0,0.0,0.0,0.0
Professional Lumberjack 2016,PS4,2015.0,Simulation,Namco Bandai Games,0.0,0.0,0.0,0.0,0.0
Transformers: Devastation,PS4,2015.0,Action,Activision,0.11,0.09,0.0,0.04,0.24
The Order: 1886,PS4,2015.0,Shooter,Sony Computer Entertainment,0.44,0.86,0.07,0.25,1.62
Bloodborne: Complete Edition,PS4,2015.0,Role-Playing,Sony Computer Entertainment,0.0,0.0,0.0,0.0,0.0
Get Even,PS4,2015.0,Misc,Unknown,0.0,0.0,0.0,0.0,0.0
Hasbro Family Fun Pack,PS4,2015.0,Misc,Ubisoft,0.0,0.0,0.0,0.0,0.0
NBA Live 16,PS4,2015.0,Sports,EA Sports,0.13,0.05,0.0,0.04,0.21
The Elder Scrolls Online,PS4,2015.0,MMO,Bethesda Softworks,0.74,0.98,0.0,0.33,2.05
Darksiders II,PS4,2015.0,Action-Adventure,Nordic Games,0.1,0.1,0.0,0.04,0.24
Rugby League Live 3,PS4,2015.0,Sports,Tru Blu Entertainment,0.0,0.02,0.0,0.0,0.02
Kung Fu Panda: Showdown of Legendary Legends,PS4,2015.0,Action,Little Orbit,0.0,0.0,0.0,0.0,0.0
Deadpool,PS4,2015.0,Action,Activision,0.26,0.13,0.0,0.08,0.47
Wolfenstein: The Old Blood,PS4,2015.0,Shooter,Bethesda Softworks,0.13,0.25,0.02,0.07,0.48
Until Dawn,PS4,2015.0,Adventure,Sony Computer Entertainment,0.62,0.92,0.06,0.3,1.9
One Piece: Pirate Warriors 3,PS4,2015.0,Action,Namco Bandai Games,0.11,0.22,0.11,0.06,0.52
Bladestorm: Nightmare,PS4,2015.0,Action,Tecmo Koei,0.11,0.04,0.03,0.03,0.22
Tony Hawk's Pro Skater 5,PS4,2015.0,Sports,Activision,0.11,0.08,0.0,0.04,0.23
Just Cause 3,PS4,2015.0,Action-Adventure,Square Enix,0.53,1.07,0.09,0.3,1.98
Zombie Army Trilogy,PS4,2015.0,Shooter,Rebellion Developments,0.06,0.13,0.0,0.03,0.22
Space Hulk: Deathwing,PS4,2015.0,Shooter,Focus Home Interactive,0.0,0.01,0.0,0.0,0.02
Ride,PS4,2015.0,Racing,Milestone S.r.l.,0.04,0.13,0.03,0.03,0.24
Farming Simulator 2015,PS4,2015.0,Simulation,Koch Media,0.13,0.22,0.0,0.07,0.41
Saint Seiya: Soldiers' Soul,PS4,2015.0,Fighting,Namco Bandai Games,0.0,0.21,0.05,0.04,0.3
Deception IV: Blood Ties,PS4,2015.0,Action,Tecmo Koei,0.0,0.0,0.01,0.0,0.01
J Stars Victory Vs.,PS4,2015.0,Fighting,Namco Bandai Games,0.11,0.14,0.0,0.05,0.31
DmC: Devil May Cry,PS4,2015.0,Action,Capcom,0.12,0.13,0.0,0.05,0.31
Blood Bowl 2,PS4,2015.0,Sports,Focus Home Interactive,0.0,0.0,0.0,0.0,0.0
Payday 2,PS4,2015.0,Shooter,505 Games,0.12,0.14,0.0,0.05,0.32
Quantic Dream Collection,PS4,2015.0,Action,Sony Computer Entertainment,0.0,0.0,0.0,0.0,0.0
Slender: The Arrival,PS4,2015.0,Adventure,Unknown,0.0,0.0,0.0,0.0,0.0
Mortal Kombat X,PS4,2015.0,Fighting,Warner Bros. Interactive Entertainment,1.94,0.94,0.0,0.61,3.49
Assassin's Creed Syndicate,PS4,2015.0,Action,Ubisoft,0.9,2.06,0.08,0.55,3.6
Just Dance 2016,PS4,2015.0,Music,Ubisoft,0.19,0.13,0.0,0.07,0.39
Deception IV: The Nightmare Princess,PS4,2015.0,Action,Tecmo Koei,0.0,0.0,0.0,0.0,0.0
Divinity: Original Sin,PS4,2015.0,Role-Playing,Focus Home Interactive,0.13,0.13,0.04,0.05,0.34
Fushigi no Chronicle: Furikaerimasen Katsu Madewa,PS4,2015.0,Action,Spike Chunsoft,0.0,0.0,0.0,0.0,0.0
Broken Age,PS4,2015.0,Adventure,Nordic Games,0.0,0.0,0.0,0.0,0.0
Bladestorm: The Hundred Years' War,PS4,2015.0,Action,BioWare,0.0,0.0,0.0,0.0,0.0
Dead or Alive 5,PS4,2015.0,Fighting,Tecmo Koei,0.09,0.13,0.09,0.04,0.35
NBA 2K16,PS4,2015.0,Sports,2K Sports,2.56,0.66,0.05,0.71,3.98
Disgaea 5: Alliance of Vengeance,PS4,2015.0,Role-Playing,NIS America,0.15,0.08,0.07,0.05,0.35
Sword Art Online: Lost Song,PS4,2015.0,Role-Playing,Namco Bandai Games,0.19,0.11,0.0,0.06,0.36
Tropico 5,PS4,2015.0,Simulation,Kalypso Media,0.07,0.18,0.08,0.05,0.38
Madden NFL 16,PS4,2015.0,Sports,EA Sports,2.39,0.31,0.0,0.61,3.3
Woodcutter Simulator 2016,PS4,2015.0,Action,Namco Bandai Games,0.0,0.01,0.0,0.0,0.01
Battlefield: Hardline,PS4,2015.0,Shooter,Electronic Arts,0.72,0.97,0.14,0.33,2.15
Gal Gun: Double Peace,PS4,2015.0,Action,PQube,0.0,0.0,0.01,0.0,0.01
Tearaway Unfolded,PS4,2015.0,Platform,Sony Computer Entertainment,0.07,0.13,0.0,0.04,0.24
Destiny: The Taken King,PS4,2015.0,Shooter,Activision,0.97,0.8,0.05,0.36,2.18
Professional Farmer 2016,PS4,2015.0,Action,Namco Bandai Games,0.0,0.02,0.0,0.0,0.02
Natsuiro High School: Seishun Hakusho,PS4,2015.0,Action,D3Publisher,0.0,0.0,0.02,0.0,0.02
Skylanders: SuperChargers,PS4,2015.0,Action-Adventure,Activision,0.29,0.09,0.0,0.08,0.45
Chaos;Child,PS4,2015.0,Visual Novel,PQube,0.0,0.0,0.02,0.0,0.02
Tales of Zestiria,PS4,2015.0,Role-Playing,Namco Bandai Games,0.18,0.16,0.04,0.07,0.45
Tom Clancy's Rainbow Six: Siege,PS4,2015.0,Shooter,Ubisoft,1.29,2.06,0.36,0.64,4.36
Dying Light,PS4,2015.0,Action,Warner Bros. Interactive,1.18,0.74,0.13,0.4,2.45
Raven's Cry,PS4,2015.0,Role-Playing,TopWare Interactive,0.0,0.01,0.0,0.0,0.01
Need for Speed (2015),PS4,2015.0,Racing,Electronic Arts,0.59,1.66,0.06,0.41,2.72
Star Wars Battlefront 2015,PS4,2015.0,Shooter,Electronic Arts,3.31,3.19,0.23,1.3,8.03
Carmageddon: Reincarnation,PS4,2015.0,Misc,Stainless Games,0.0,0.0,0.0,0.0,0.0
FIFA 16,PS4,2015.0,Sports,EA Sports,1.15,5.77,0.07,1.23,8.22
Fallout 4,PS4,2015.0,Role-Playing,Bethesda Softworks,2.91,3.97,0.27,1.34,8.48
Metal Gear Solid V: The Phantom Pain,PS4,2015.0,Action,Konami Digital Entertainment,0.97,1.15,0.5,0.42,3.04
Saints Row IV,PS4,2015.0,Action,Deep Silver,0.15,0.18,0.03,0.06,0.42
Bloodborne,PS4,2015.0,Role-Playing,Sony Computer Entertainment,1.3,1.05,0.28,0.48,3.11
Dishonored,PS4,2015.0,Action,Bethesda Softworks,0.12,0.21,0.02,0.06,0.42
Batman: Arkham Knight,PS4,2015.0,Action,Warner Bros. Interactive,1.65,1.68,0.11,0.66,4.11
Human Element,PS4,2015.0,Misc,Unknown,0.0,0.0,0.0,0.0,0.0
Blade Arcus from Shining EX,PS4,2015.0,Fighting,Sega,0.0,0.0,0.03,0.0,0.03
Final Fantasy XIV: Heavensward,PS4,2015.0,MMO,Square Enix,0.0,0.09,0.06,0.02,0.17
Final Fantasy Type-0,PS4,2015.0,Role-Playing,Square Enix,0.4,0.33,0.16,0.15,1.04
MLB 15: The Show,PS4,2015.0,Sports,Sony Computer Entertainment,0.75,0.08,0.0,0.19,1.01
EA Sports PGA Tour,PS4,2015.0,Sports,EA Sports,0.0,0.0,0.0,0.0,0.0
Evolve,PS4,2015.0,Shooter,2K Games,0.38,0.41,0.05,0.16,1.01
Game of Thrones (Telltale),PS4,2015.0,Adventure,Telltale Games,0.05,0.0,0.0,0.01,0.06
F1 2015,PS4,2015.0,Racing,Codemasters,0.1,0.45,0.04,0.1,0.68
Earth Defense Force 2025.1: The Shadow of New Despair,PS4,2015.0,Shooter,D3Publisher,0.0,0.0,0.11,0.0,0.11
Rugby 15,PS4,2015.0,Sports,Bigben Interactive,0.05,0.06,0.0,0.02,0.13
Handball 16,PS4,2015.0,Sports,Bigben Interactive,0.0,0.05,0.0,0.01,0.06
Uncharted: The Nathan Drake Collection,PS4,2015.0,Action,Sony Computer Entertainment,2.55,2.11,0.1,0.94,5.7
Rugby World Cup 2015,PS4,2015.0,Sports,Big Ben Interactive,0.0,0.05,0.0,0.01,0.06
Exist Archive: The Other Side of the Sky,PS4,2015.0,Role-Playing,Aksys Games,0.02,0.0,0.03,0.0,0.06
Rory McIlroy PGA Tour,PS4,2015.0,Sports,Electronic Arts,0.19,0.27,0.0,0.09,0.55
The Witch and the Hundred Knight,PS4,2015.0,Role-Playing,NIS America,0.03,0.01,0.06,0.01,0.11
WRC 5: FIA World Rally Championship,PS4,2015.0,Racing,Bigben Interactive,0.0,0.05,0.0,0.01,0.06
Overlord: Fellowship of Evil,PS4,2015.0,Action,Codemasters,0.0,0.0,0.0,0.0,0.0
Legend of Kay,PS4,2015.0,Action,Nordic Games,0.03,0.03,0.0,0.01,0.08
Dengeki Bunko: Fighting Climax Ignition,PS4,2015.0,Action,Sega,0.0,0.0,0.0,0.0,0.0
Arcania: Gothic 4,PS4,2015.0,Role-Playing,Nordic Games,0.04,0.0,0.0,0.01,0.05
Falling Skies: The GameÊ,PS4,2015.0,Role-Playing,Little Orbit,0.0,0.0,0.0,0.0,0.0
World Soccer Winning Eleven 2015,PS4,2015.0,Action,Konami Digital Entertainment,0.0,0.0,0.0,0.0,0.0
Samurai Warriors 4-II,PS4,2015.0,Action,Tecmo Koei,0.04,0.02,0.07,0.01,0.13
Nitroplus Blasterz: Heroines Infinite Duel,PS4,2015.0,Fighting,Marvelous Interactive,0.01,0.01,0.03,0.0,0.05
The Forest,PS4,2015.0,Action,Endnight Games LtdÊ,0.0,0.0,0.0,0.0,0.0
Utawarerumono: Itsuwari no Kamen,PS4,2015.0,Adventure,Deep Silver,0.05,0.0,0.07,0.01,0.13
Sword Art Online: Game Director's Edition,PS4,2015.0,Role-Playing,Namco Bandai Games,0.0,0.0,0.06,0.0,0.06
Wander,PS4,2015.0,Role-Playing,Wander MMO,0.0,0.0,0.0,0.0,0.0
R.B.I. Baseball 15,PS4,2015.0,Sports,MLB.com,0.0,0.0,0.0,0.0,0.0
NHL 16,PS4,2015.0,Sports,EA Sports,0.38,0.16,0.0,0.12,0.66
The Book of Unwritten Tales 2,PS4,2015.0,Adventure,Nordic Games,0.0,0.06,0.0,0.01,0.07
The Witcher 3: Wild Hunt,PS4,2015.0,Role-Playing,Namco Bandai Games,1.48,2.82,0.28,0.81,5.39
Pro Evolution Soccer 2016,PS4,2015.0,Sports,Konami Digital Entertainment,0.14,0.43,0.14,0.1,0.82
Disney Infinity 3.0,PS4,2015.0,Action,Disney Interactive Studios,0.31,0.4,0.0,0.14,0.85
Ether One,PS4,2015.0,Adventure,Soedesco,0.0,0.0,0.0,0.0,0.0
The Vanishing of Ethan CarterÊ,PS4,2015.0,Adventure,The Astronauts,0.0,0.0,0.0,0.0,0.0
Yakuza Zero: The Place of Oath,PS4,2015.0,Adventure,Sega,0.22,0.16,0.19,0.08,0.65
Minecraft: Story Mode,PS4,2015.0,Adventure,Mojang,0.31,0.42,0.0,0.14,0.87
Broken Sword 5: The Serpent's Curse,PS4,2015.0,Adventure,Revolution Software,0.0,0.06,0.0,0.01,0.07
God Eater 2: Rage Burst,PS4,2015.0,Role-Playing,Namco Bandai Games,0.0,0.01,0.11,0.0,0.12
MX vs. ATV Supercross Encore,PS4,2015.0,Sports,Nordic Games,0.0,0.05,0.0,0.01,0.06
Call of Duty: Black Ops 3,PS4,2015.0,Shooter,Activision,6.18,6.05,0.41,2.44,15.09
Samurai Warriors 4: Empires,PS4,2015.0,Action,Tecmo Koei,0.03,0.01,0.07,0.01,0.12
Legend of Kay Anniversary,PS4,2015.0,Action,Nordic Games,0.0,0.06,0.0,0.01,0.07
Steins;Gate 0,PS4,2015.0,Adventure,PQube,0.0,0.0,0.07,0.0,0.07
Risen 3: Titan Lords,PS4,2015.0,Role-Playing,Deep Silver,0.0,0.06,0.0,0.01,0.07
Sword Art Online: Hollow Fragment,PS4,2015.0,Role-Playing,Namco Bandai Games,0.0,0.11,0.0,0.02,0.12
God of War III,PS4,2015.0,Action,Sony Computer Entertainment,0.4,0.33,0.02,0.15,0.89
Final Fantasy X/X-2 HD Remaster,PS4,2015.0,Role-Playing,Square Enix,0.34,0.36,0.07,0.14,0.9
Don Bradman Cricket 14,PS4,2015.0,Sports,Tru Blu Entertainment,0.01,0.09,0.0,0.02,0.13
Afro Samurai 2,PS4,2015.0,Action,Versus Evil,0.0,0.0,0.0,0.0,0.0
Earth Defense Force 4.1: The Shadow of New Despair,PS4,2015.0,Shooter,PQube,0.05,0.02,0.0,0.01,0.08
Dark Souls II,PS4,2015.0,Role-Playing,Namco Bandai Games,0.27,0.23,0.09,0.1,0.69
Fairy Fencer F: Advent Dark Force,PS4,2015.0,Role-Playing,Idea Factory International,0.06,0.0,0.06,0.01,0.14
Romance of the Three Kingdoms 13,PS4,2015.0,Action,Tecmo Koei,0.03,0.0,0.06,0.01,0.1
Toy Soldiers: War Chest,PS4,2015.0,Action,Ubisoft,0.07,0.0,0.0,0.02,0.09
WWE 2K16,PS4,2015.0,Sports,Take-Two Interactive,0.43,0.65,0.0,0.21,1.29
Resident Evil: Revelations 2,PS4,2015.0,Action,Capcom,0.14,0.25,0.11,0.07,0.57
BlazBlue: Chrono Phantasma Extend,PS4,2015.0,Fighting,PQube,0.08,0.04,0.02,0.02,0.16
Rock Band 4,PS4,2015.0,Music,Harmonix Music Systems,0.41,0.06,0.0,0.1,0.57
Assassin's Creed Chronicles: China,PS4,2015.0,Action-Adventure,Ubisoft,0.0,0.03,0.0,0.01,0.04
JoJo's Bizarre Adventure: Eyes of Heaven,PS4,2015.0,Fighting,Namco Bandai Games,0.0,0.0,0.04,0.0,0.04
Grand Ages: Medieval,PS4,2015.0,Strategy,Kalypso Media,0.0,0.05,0.03,0.01,0.09
Let's Sing 2016,PS4,2015.0,Music,Ravenscourt,0.08,0.0,0.0,0.02,0.1
Back to the Future: The Game,PS4,2015.0,Adventure,Telltale Games,0.1,0.05,0.0,0.03,0.18
Nights of Azure,PS4,2015.0,Action,Tecmo Koei,0.04,0.04,0.0,0.02,0.09
Punch Line,PS4,2015.0,Adventure,5pb,0.03,0.0,0.0,0.01,0.04
Senran Kagura: Estival Versus,PS4,2015.0,Action,Marvelous Interactive,0.08,0.0,0.09,0.02,0.18
Risen 3 Enhanced Edition,PS4,2015.0,Role-Playing,Deep Silver,0.0,0.0,0.0,0.0,0.0
MotoGP 15,PS4,2015.0,Racing,Milestone S.r.l.,0.0,0.13,0.04,0.02,0.18
God Eater Off Shot: Lindow-hen Twin Pack & Animation Vol. 2,PS4,2015.0,Misc,Namco Bandai Games,0.0,0.0,0.04,0.0,0.04
Cult County,PS4,2015.0,Misc,Renegade Kid,0.0,0.0,0.0,0.0,0.0
SOMA (2015),PS4,2015.0,Misc,Frictional Games,0.0,0.0,0.0,0.0,0.0
The Peanuts Movie: Snoopy's Grand Adventure,PS4,2015.0,Platform,Activision,0.0,0.03,0.0,0.0,0.03
Toukiden Kiwami,PS4,2015.0,Action,Tecmo Koei,0.06,0.07,0.03,0.03,0.19
Air Conflicts: Pacific Carriers,PS4,2015.0,Simulation,Kalypso Media,0.0,0.0,0.0,0.0,0.0
God Eater Resurrection,PS4,2015.0,Action,Namco Bandai Games,0.0,0.0,0.09,0.0,0.09
Gravity Rush Remastered,PS4,2015.0,Action-Adventure,Sony Computer Entertainment,0.02,0.06,0.05,0.02,0.16
Borderlands: The Handsome Collection,PS4,2015.0,Shooter,2K Games,0.69,0.34,0.03,0.22,1.28
Mad Max (2013),PS4,2015.0,Action,Warner Bros. Interactive Entertainment,0.38,0.59,0.05,0.19,1.2
Saints Row: Gat out of Hell,PS4,2015.0,Action,Deep Silver,0.0,0.04,0.0,0.01,0.05
The Crew: Wild Run,PS4,2015.0,Racing,Ubisoft,0.0,0.12,0.0,0.02,0.14
Adventure Time: Finn & Jake Investigations,PS4,2015.0,Action,Little Orbit,0.07,0.05,0.0,0.02,0.14
Shovel Knight,PS4,2015.0,Platform,Yacht Club Games,0.08,0.04,0.0,0.02,0.14
Sengoku Basara 4: Sumeragi,PS4,2015.0,Action,Capcom,0.0,0.0,0.05,0.0,0.05
Grand Kingdom,PS4,2015.0,Role-Playing,NIS America,0.08,0.0,0.04,0.02,0.14
Yoru no Nai Kuni,PS4,2015.0,Role-Playing,Tecmo Koei,0.0,0.0,0.09,0.0,0.09
LEGO Jurassic World,PS4,2015.0,Action,Warner Bros. Interactive Entertainment,0.41,0.56,0.02,0.19,1.18
LEGO Dimensions,PS4,2015.0,Action,Warner Bros. Interactive Entertainment,0.48,0.5,0.0,0.2,1.18
Dragon Ball: XenoVerse,PS4,2015.0,Fighting,Namco Bandai Games,0.33,0.55,0.14,0.17,1.19
Hyperdimension Neptunia Victory II,PS4,2015.0,Role-Playing,Idea Factory International,0.0,0.0,0.04,0.0,0.04
Devil May Cry 4,PS4,2015.0,Action,Capcom,0.01,0.0,0.09,0.0,0.1
Atelier Sophie: The Alchemist of the Mysterious Book,PS4,2015.0,Role-Playing,Tecmo Koei,0.04,0.03,0.07,0.01,0.15
Guitar Hero Live,PS4,2015.0,Music,Activision,0.52,0.49,0.0,0.2,1.21
Assassin's Creed: Victory,PS4,2015.0,Action,Ubisoft,0.0,0.0,0.0,0.0,0.0
Wasteland 2,PS4,2015.0,Role-Playing,Deep Silver,0.1,0.0,0.03,0.02,0.15
The Talos Principle,PS4,2015.0,Puzzle,Nighthawk Interactive,0.0,0.04,0.0,0.01,0.04
Project CARS,PS4,2015.0,Racing,Bandai Namco Games,0.29,0.76,0.04,0.19,1.28
Rebel Galaxy,PS4,2015.0,Role-Playing,Double Damage Games,0.0,0.0,0.0,0.0,0.0
Pathologic,PS4,2015.0,Adventure,Ice-pick Lodge,0.0,0.0,0.0,0.0,0.0
Brothers: A Tale of Two Sons,PS4,2015.0,Adventure,505 Games,0.04,0.09,0.0,0.02,0.15
Dragon Quest Heroes: The World's Tree Woe and the Blight Below,PS4,2015.0,Action,Square Enix,0.21,0.14,0.39,0.07,0.81
Awesomenauts,PS4,2014.0,Misc,DTP Entertainment,0.0,0.0,0.0,0.0,0.0
Godzilla (2014),PS4,2014.0,Action,Namco Bandai Games,0.0,0.0,0.0,0.0,0.0
TowerFall,PS4,2014.0,Misc,Unknown,0.0,0.0,0.0,0.0,0.0
The Legend of Korra (2014),PS4,2014.0,Action,Activision,0.0,0.0,0.0,0.0,0.0
Assassin's Creed: Unity,PS4,2014.0,Action,Ubisoft,1.25,2.16,0.09,0.65,4.14
R.B.I. Baseball 14,PS4,2014.0,Misc,MLB.com,0.0,0.0,0.0,0.0,0.0
Tiny Troopers Joint Ops,PS4,2014.0,Action,Unknown,0.0,0.0,0.0,0.0,0.0
Blue EstateÊ,PS4,2014.0,Misc,Focus Home Interactive,0.0,0.0,0.0,0.0,0.0
Lily Bergamo,PS4,2014.0,Misc,GungHo,0.0,0.0,0.0,0.0,0.0
Monochroma,PS4,2014.0,Misc,Nowhere Studios,0.0,0.0,0.0,0.0,0.0
WonderFlick,PS4,2014.0,Misc,Level 5,0.0,0.0,0.0,0.0,0.0
Velocity 2X,PS4,2014.0,Action,Futurlab 1,0.0,0.0,0.0,0.0,0.0
FIFA 15,PS4,2014.0,Sports,EA Sports,0.83,4.49,0.05,0.94,6.32
MineCraft,PS4,2014.0,Misc,Sony Computer Entertainment,1.89,3.13,0.35,0.96,6.33
Pure PoolÊ,PS4,2014.0,Misc,Triniti Interactive,0.0,0.0,0.0,0.0,0.0
Destiny,PS4,2014.0,Shooter,Activision,2.53,2.13,0.16,0.94,5.76
Strider (2014),PS4,2014.0,Platform,Capcom,0.0,0.0,0.0,0.0,0.0
The Last of Us,PS4,2014.0,Action-Adventure,Sony Computer Entertainment,2.7,2.86,0.11,1.1,6.77
Bombshell,PS4,2014.0,Misc,3D Realms,0.0,0.0,0.0,0.0,0.0
Toukiden: The Age of Demons,PS4,2014.0,Action,Tecmo Koei,0.0,0.0,0.0,0.0,0.0
Yaiba: Ninja Gaiden Z,PS4,2014.0,Misc,Tecmo Koei,0.0,0.0,0.0,0.0,0.0
Watch Dogs,PS4,2014.0,Action-Adventure,Ubisoft,1.4,2.13,0.11,0.68,4.32
Call of Duty: Advanced Warfare,PS4,2014.0,Shooter,Activision,2.84,3.34,0.14,1.22,7.53
Tetris UltimateÊ,PS4,2014.0,Puzzle,Ubisoft,0.0,0.0,0.0,0.0,0.0
Tadeo Jones y el manuscrito perdido,PS4,2014.0,Adventure,Deep Silver,0.0,0.0,0.0,0.0,0.0
EA Sports UFC,PS4,2014.0,Fighting,Electronic Arts,0.49,0.43,0.01,0.18,1.11
The Amazing Spider-Man 2,PS4,2014.0,Misc,Activision,0.0,0.0,0.0,0.0,0.0
METRO 2033,PS4,2014.0,Shooter,Deep Silver,0.22,0.31,0.05,0.1,0.68
Warriors Orochi 3,PS4,2014.0,Action,Tecmo Koei,0.04,0.05,0.04,0.02,0.15
Yakuza: Ishin,PS4,2014.0,Adventure,Sega,0.0,0.0,0.15,0.0,0.15
The Golf Club,PS4,2014.0,Sports,Ravenscourt,0.09,0.02,0.0,0.02,0.13
NHL 15,PS4,2014.0,Sports,EA Sports,0.32,0.19,0.0,0.11,0.62
Akiba's Trip 2,PS4,2014.0,Action,Acquire,0.09,0.0,0.02,0.02,0.13
LEGO The Hobbit,PS4,2014.0,Action-Adventure,Warner Bros. Interactive Entertainment,0.14,0.39,0.0,0.1,0.62
Plants vs Zombies: Garden Warfare,PS4,2014.0,Shooter,Electronic Arts,0.24,0.3,0.01,0.11,0.66
Rocksmith 2014,PS4,2014.0,Music,Ubisoft,0.38,0.17,0.0,0.12,0.67
Shadow Warrior (2013),PS4,2014.0,Shooter,Devolver Digital,0.0,0.09,0.0,0.02,0.11
Guilty Gear Xrd: Sign,PS4,2014.0,Fighting,Arc System Works,0.11,0.0,0.04,0.02,0.17
The LEGO Movie Videogame,PS4,2014.0,Action-Adventure,Warner Bros. Interactive Entertainment,0.26,0.32,0.01,0.11,0.71
Puyo Puyo Tetris,PS4,2014.0,Puzzle,Sega,0.05,0.03,0.0,0.02,0.1
Natural Doctrine,PS4,2014.0,Role-Playing,NIS America,0.05,0.02,0.02,0.01,0.1
MLB 14 The Show,PS4,2014.0,Sports,Sony Computer Entertainment,0.59,0.0,0.0,0.14,0.73
Sniper Elite 3,PS4,2014.0,Shooter,505 Games,0.25,0.37,0.0,0.12,0.74
Disney Infinity 2.0: Marvel Super Heroes,PS4,2014.0,Action-Adventure,Disney Interactive Studios,0.37,0.25,0.0,0.13,0.75
Pro Evolution Soccer 2015,PS4,2014.0,Sports,Konami Digital Entertainment,0.09,0.45,0.12,0.1,0.76
Far Cry 4,PS4,2014.0,Shooter,Ubisoft,1.18,2.14,0.11,0.63,4.06
The Amazing Spider-Man 2 (2014),PS4,2014.0,Action-Adventure,Activision,0.2,0.26,0.02,0.09,0.56
Lords of the Fallen,PS4,2014.0,Role-Playing,Square Enix,0.2,0.24,0.02,0.09,0.55
Thief 4,PS4,2014.0,Action,Square Enix,0.28,0.41,0.03,0.13,0.85
Samurai Warriors 4,PS4,2014.0,Fighting,Tecmo Koei,0.08,0.07,0.06,0.03,0.25
Murdered: Soul Suspect,PS4,2014.0,Action-Adventure,Square Enix,0.09,0.17,0.02,0.05,0.33
Dynasty Warriors 8: Xtreme Legends,PS4,2014.0,Misc,Tecmo Koei,0.09,0.12,0.06,0.04,0.31
Just Dance 2015,PS4,2014.0,Music,Ubisoft,0.21,0.13,0.0,0.07,0.41
The Walking Dead: Season Two,PS4,2014.0,Misc,Square Enix,0.13,0.09,0.03,0.05,0.3
Trials Fusion,PS4,2014.0,Misc,Ubisoft,0.13,0.23,0.01,0.07,0.43
Sherlock Holmes: Crimes & Punishments,PS4,2014.0,Adventure,Focus Home Interactive,0.1,0.14,0.0,0.05,0.29
Onechanbara Z2: Chaos,PS4,2014.0,Action,NIS America,0.16,0.03,0.05,0.04,0.28
Sleeping Dogs,PS4,2014.0,Action,Square Enix,0.16,0.21,0.0,0.07,0.44
NBA Live 15,PS4,2014.0,Sports,Electronic Arts,0.16,0.04,0.0,0.04,0.25
Singstar: Ultimate Party,PS4,2014.0,Music,Sony Computer Entertainment,0.0,0.16,0.0,0.03,0.19
The Walking Dead: A Telltale Games Series,PS4,2014.0,Adventure,Telltale Games,0.12,0.26,0.03,0.07,0.48
Transformer: Rise of the Dark Spark,PS4,2014.0,Shooter,Activision,0.08,0.11,0.01,0.04,0.23
The Wolf Among Us,PS4,2014.0,Adventure,Telltale Games,0.11,0.07,0.0,0.04,0.22
Bound By Flame,PS4,2014.0,Action,Focus Home Interactive,0.08,0.09,0.0,0.04,0.21
Dynasty Warriors 8: Empires,PS4,2014.0,Misc,Tecmo Koei,0.07,0.07,0.04,0.03,0.21
Skylanders: Trap Team,PS4,2014.0,Platform,Activision,0.25,0.18,0.0,0.09,0.52
Godzilla (2015),PS4,2014.0,Action,Namco Bandai Games,0.11,0.03,0.03,0.03,0.2
MotoGP 14Ê,PS4,2014.0,Racing,Milestone S.r.l.,0.05,0.11,0.0,0.03,0.2
Final Fantasy XIV: A Realm Reborn,PS4,2014.0,MMO,Square Enix,0.35,0.23,0.08,0.12,0.79
Lara Croft and the Temple of Osiris,PS4,2014.0,Action,Square Enix,0.0,0.07,0.0,0.01,0.09
Terraria,PS4,2014.0,Action,505 Games,0.0,0.05,0.01,0.01,0.07
The Crew,PS4,2014.0,Racing,Ubisoft,0.44,1.04,0.03,0.27,1.79
Kingdom Under Fire II,PS4,2014.0,Misc,Unknown,0.0,0.0,0.0,0.0,0.0
Teslagrad,PS4,2014.0,Platform,Rain Games,0.0,0.01,0.0,0.0,0.01
Middle-Earth: Shadow of Mordor,PS4,2014.0,Action,Warner Bros. Interactive Entertainment,1.03,1.6,0.05,0.51,3.19
inFAMOUS: Second Son,PS4,2014.0,Action-Adventure,Sony Computer Entertainment,1.35,1.09,0.07,0.5,3.01
Diablo III,PS4,2014.0,Role-Playing,Blizzard Entertainment,0.83,1.48,0.08,0.44,2.82
NBA 2K15,PS4,2014.0,Sports,2K Sports,1.49,0.55,0.01,0.44,2.49
DriveClub,PS4,2014.0,Racing,Sony Computer Entertainment,0.37,1.63,0.02,0.36,2.37
Rabbids Invasion: The Interactive TV Show,PS4,2014.0,Misc,Ubisoft,0.0,0.01,0.0,0.0,0.02
Dragon Age III: Inquisition,PS4,2014.0,Role-Playing,Electronic Arts,1.07,0.8,0.08,0.38,2.34
Lego Batman 3: Beyond Gotham,PS4,2014.0,Action,Warner Bros. Interactive Entertainment,0.37,0.42,0.0,0.16,0.94
LittleBigPlanet 3,PS4,2014.0,Platform,Sony Computer Entertainment,0.78,0.93,0.01,0.34,2.06
Omega Quintet,PS4,2014.0,Role-Playing,Compile Heart,0.0,0.0,0.02,0.0,0.03
The Evil Within,PS4,2014.0,Action,Bethesda Softworks,0.56,0.9,0.11,0.28,1.86
Madden NFL 15,PS4,2014.0,Sports,EA Sports,1.58,0.25,0.0,0.41,2.25
Wolfenstein: The New Order,PS4,2014.0,Shooter,Bethesda Softworks,0.48,0.84,0.03,0.25,1.61
Tour de France 2014,PS4,2014.0,Sports,Focus Home Interactive,0.0,0.03,0.0,0.01,0.04
Nobunaga no Yabou: Souzou,PS4,2014.0,Strategy,Tecmo Koei,0.0,0.0,0.06,0.0,0.06
Alien: Isolation,PS4,2014.0,Adventure,Sega,0.29,0.59,0.05,0.16,1.09
Nobunaga's Ambition: Creation,PS4,2014.0,Strategy,Tecmo Koei,0.04,0.0,0.0,0.01,0.05
Child of Light,PS4,2014.0,Role-Playing,Ubisoft,0.0,0.01,0.04,0.0,0.05
WWE 2K15,PS4,2014.0,Sports,2K Sports,0.4,0.57,0.0,0.19,1.16
Metal Gear Solid: Ground Zeroes,PS4,2014.0,Action-Adventure,Konami Digital Entertainment,0.36,0.5,0.17,0.17,1.2
Grand Theft Auto V,PS4,2014.0,Action,Rockstar Games,6.06,9.71,0.6,3.02,19.39
Rayman Legends,PS4,2014.0,Platform,Ubisoft,0.22,1.05,0.0,0.23,1.5
Infamous: First Light,PS4,2014.0,Action,Sony Computer Entertainment,0.0,0.03,0.0,0.0,0.03
Tomb Raider (2013),PS4,2014.0,Action-Adventure,Square Enix,0.47,0.74,0.06,0.23,1.51
Assassin's Creed IV: Black Flag,PS4,2013.0,Action-Adventure,Ubisoft,1.07,1.55,0.06,0.51,3.19
Madden NFL 25,PS4,2013.0,Sports,EA Sports,0.64,0.15,0.0,0.17,0.96
DC Universe Online,PS4,2013.0,MMO,Sony Online Entertainment,0.0,0.0,0.0,0.0,0.0
Battlefield 4,PS4,2013.0,Shooter,Electronic Arts,1.4,1.74,0.19,0.62,3.94
Blacklight: Retribution,PS4,2013.0,Misc,Perfect World Entertainment,0.0,0.0,0.0,0.0,0.0
FIFA Soccer 14,PS4,2013.0,Sports,EA Sports,0.62,2.18,0.12,0.51,3.43
Knack,PS4,2013.0,Platform,Sony Computer Entertainment,0.45,0.77,0.42,0.23,1.88
Skylanders SWAP Force,PS4,2013.0,Misc,Activision,0.23,0.14,0.0,0.08,0.44
Injustice: Gods Among Us,PS4,2013.0,Fighting,Warner Bros. Interactive Entertainment,0.46,0.35,0.0,0.17,0.98
Killzone: Shadow Fall,PS4,2013.0,Shooter,Sony Computer Entertainment,0.89,1.58,0.08,0.47,3.02
NBA Live 14,PS4,2013.0,Sports,EA Sports,0.17,0.05,0.0,0.05,0.27
Pinball Arcade,PS4,2013.0,Misc,FarSight Studios,0.0,0.0,0.0,0.0,0.0
Just Dance 2014,PS4,2013.0,Music,Ubisoft,0.21,0.18,0.0,0.08,0.47
Lego Marvel Super Heroes,PS4,2013.0,Action,Warner Bros. Interactive Entertainment,0.59,1.0,0.01,0.3,1.91
Contrast,PS4,2013.0,Misc,Compulsion Games,0.0,0.0,0.0,0.0,0.0
NBA 2K14,PS4,2013.0,Sports,2K Sports,0.91,0.35,0.01,0.27,1.54
Putty Squad,PS4,2013.0,Platform,System 3,0.06,0.07,0.0,0.03,0.16
Call of Duty: Ghosts,PS4,2013.0,Shooter,Activision,1.79,1.64,0.05,0.69,4.17
Need for Speed Rivals,PS4,2013.0,Racing,Electronic Arts,0.75,1.04,0.03,0.35,2.17
Angry Birds: Star Wars,PS4,2013.0,Puzzle,Activision,0.11,0.09,0.0,0.04,0.23
